1	501231_0_44	1
1	321657_0_27	1
1	386015_0_8	1
1	9141_0_11	0
1	170821_0_29	1
1	58163_4_6	0
1	98503_0_17	1
1	424112_0_13	0
1	206607_0_20	0
1	422342_1_82	1
1	319939_0_8	1
1	89442_0_22	1
1	378958_0_7	0
1	98705_0_29	0
1	127556_0_6	1
1	98396_0_29	1
1	492215_0_9	0
1	252321_0_17	0
1	85290_0_27	1
1	275982_0_8	0
1	543720_0_32	1
1	420838_0_1	0
1	98878_0_30	1
1	315656_0_1	1
1	240644_0_1	0
1	208407_0_5	1
1	108347_0_9	1
1	98265_1_9	1
1	405278_6_26	1
1	291256_2_0	0
1	467189_0_1	0
1	310663_1_9	1
1	134157_0_23	0
1	269703_2_1	0
1	139058_0_10	0
1	168127_0_19	1
1	8841_0_11	1
1	45809_2_3	1
1	390303_0_0	0
1	185408_6_10	1
1	208407_1_6	1
1	512718_0_21	1
1	338272_0_0	0
1	98216_0_19	0
1	427020_2_2	0
1	98460_2_28	0
1	238522_0_46	1
1	295765_0_14	0
1	386227_0_36	1
1	12581_0_5	1
1	494363_0_23	1
1	63869_0_4	1
1	499799_0_62	1
1	125986_0_21	1
1	103042_0_19	1
1	435990_1_3	0
1	99306_27_5	0
1	205507_0_21	1
1	475128_2_1	0
1	18873_0_14	0
1	188595_7_10	0
1	340477_0_16	1
1	83391_2_1	0
1	98302_0_37	1
1	84752_1_0	1
1	102434_0_38	0
1	445907_0_12	1
1	481470_0_7	0
1	520438_0_30	1
1	53321_0_12	0
1	98685_0_15	0
1	397975_0_6	0
1	172628_0_53	1
1	123651_1_9	1
1	276154_0_1	0
1	306091_0_1	0
1	533738_0_17	0
1	331975_0_70	0
1	526944_0_30	1
1	98174_0_30	0
1	431540_0_76	1
1	53044_0_58	1
1	326959_0_0	0
1	437857_1_22	0
1	490896_0_15	0
1	328342_0_9	0
1	238589_0_33	1
1	351626_0_9	0
1	534648_0_2	0
1	95312_0_7	1
1	466800_0_34	1
1	525901_0_81	0
1	465584_4_9	1
1	440406_0_17	1
1	202582_1_48	0
1	186864_0_49	0
1	519291_0_4	0
1	547071_0_1	0
1	78848_1_7	0
1	363962_1_6	0
1	304781_2_14	0
1	510136_0_29	1
1	534452_0_0	1
1	202582_1_17	0
1	405639_1_7	0
1	473817_0_5	1
1	482101_2_8	1
1	234604_0_29	1
1	118671_0_6	0
1	197961_0_2	0
1	98731_0_33	0
1	152725_0_1	0
1	81235_0_91	0
1	358064_0_59	1
1	98088_0_10	0
1	238458_4_1	0
1	548592_3_2	0
1	351777_0_2	0
1	293171_0_37	1
1	127562_1_1	0
1	357791_2_2	0
1	88642_0_1	0
1	347928_0_11	1
1	492891_1_153	0
1	79552_1_23	0
1	202582_1_42	0
1	130634_0_9	0
1	239762_0_29	1
1	18893_6_8	0
1	526768_0_10	0
1	498498_0_13	1
1	449337_8_7	0
1	32481_3_58	1
1	235064_0_14	1
1	335198_1_10	1
1	139809_0_13	1
1	359254_0_7	1
1	161368_0_105	0
1	477457_0_0	0
1	542686_0_2	0
1	244_0_3	0
1	213026_0_0	1
1	21919_0_4	0
1	98460_2_14	0
1	446797_0_1	0
1	53044_0_23	1
1	521447_2_0	0
1	282096_1_16	0
1	530442_0_21	1
1	114101_0_0	0
1	158756_0_59	1
1	3289_0_20	1
1	101508_0_24	1
1	417427_0_168	1
1	227710_0_39	1
1	98786_3_4	1
1	98476_0_8	0
1	514353_0_7	1
1	539665_0_10	1
1	23095_0_42	1
1	544734_2_4	0
1	112591_0_9	1
1	385009_0_5	1
1	120083_1_1	0
1	301236_0_17	1
1	156731_2_33	1
1	508246_0_28	1
1	266395_1_18	0
1	392273_5_48	1
1	279918_10_27	0
1	171101_1_1	0
1	417313_0_30	1
1	467803_0_1	1
1	534648_0_1	0
1	202582_1_23	0
1	266228_0_42	1
1	118903_16_2	1
1	288163_0_2	1
1	126820_0_0	0
1	211949_1_14	1
1	542812_0_2	0
1	98089_0_8	0
1	57356_0_0	0
1	193329_1_20	1
1	154905_0_9	1
1	297513_0_7	1
1	394994_1_40	1
1	259171_0_0	0
1	457245_1_13	0
1	398942_7_2	0
1	136799_1_19	1
1	344535_3_15	1
1	241678_0_14	1
1	98445_0_4	0
1	295864_0_78	1
1	430838_0_1	0
1	304566_0_1	0
1	138803_0_48	1
1	49793_1_16	0
1	28549_1_26	0
1	328593_18_7	0
1	200748_2_16	1
1	16122_0_12	0
1	452399_0_15	1
1	208407_2_5	1
1	467457_1_1	0
1	137639_0_3	0
1	465541_0_19	0
1	192401_6_3	0
1	512309_0_16	1
1	52742_1_29	1
1	426273_2_1	1
1	347997_1_28	0
1	98277_0_38	0
1	98536_0_53	0
1	443887_0_3	1
1	207455_0_3	0
1	170854_0_22	1
1	258488_0_19	1
1	98874_1_34	0
1	98412_0_4	0
1	401760_0_14	1
1	420934_0_76	1
1	287911_0_15	0
1	357073_0_10	1
1	98604_1_9	1
1	202582_1_24	0
1	98680_0_52	0
1	321671_0_2	0
1	282662_0_101	1
1	112376_0_0	0
1	181371_0_9	1
1	108353_0_3	0
1	34885_1_11	1
1	296046_0_0	0
1	172075_6_4	0
1	408670_1_16	0
1	43277_2_131	1
1	272428_0_18	0
1	324633_0_14	0
1	534603_0_0	0
1	136016_7_0	0
1	272096_0_2	0
1	406933_0_4	0
1	202582_1_52	0
1	231860_1_0	0
1	147103_1_53	1
1	395548_0_8	0
1	358586_2_9	0
1	118136_4_6	0
1	98786_3_153	0
1	299820_1_4	0
1	46948_2_0	0
1	33466_0_2	0
1	38423_1_7	0
1	239762_1_29	1
1	483460_1_1	0
1	530978_0_1	1
1	478358_0_51	0
1	202582_1_15	0
1	58173_6_35	0
1	132167_22_22	0
1	322949_1_1	1
1	168181_20_9	0
1	202582_1_27	0
1	149161_0_10	1
1	62381_0_2	0
1	411077_0_1	0
1	132645_0_26	1
1	322781_0_0	0
1	346985_9_11	0
1	473014_37_1	0
1	177456_0_35	1
1	334016_0_25	1
1	168760_0_2	0
1	220815_0_1	0
1	273704_0_1	0
1	281894_0_11	0
1	98499_0_7	0
1	296108_0_12	1
1	12629_0_28	0
1	14133_2_22	0
1	440336_0_15	1
1	307225_0_0	0
1	298875_0_34	1
1	254570_0_4	1
1	175552_0_15	1
1	304796_0_11	0
1	188156_0_46	1
1	528225_0_17	0
1	541568_0_33	1
1	508246_0_15	1
1	154731_0_253	1
1	301142_0_3	0
1	499128_0_35	1
1	98493_0_14	0
1	110299_0_10	0
1	213712_4_2	0
1	98412_0_3	1
1	260375_9_63	1
1	114438_0_4	1
1	523994_0_5	0
1	76472_0_12	0
1	515467_0_2	0
1	236397_0_18	1
1	152648_1_26	1
1	496313_0_13	1
1	151875_0_8	1
1	113356_0_32	0
1	28184_0_11	0
1	512054_1_19	1
1	98860_0_5	0
1	417801_0_32	1
1	202582_1_25	0
1	98227_0_33	0
1	98674_1_14	0
1	300888_0_3	0
1	433692_0_1	0
1	545254_1_14	1
1	477457_0_1	0
1	331104_0_34	1
1	48467_0_7	0
1	39599_0_43	1
1	381495_0_15	1
1	268351_1_11	1
1	202582_1_6	0
1	508914_0_46	0
1	452908_0_27	0
1	72435_0_224	1
1	500077_0_51	1
1	199973_0_12	1
1	546856_3_5	0
1	268819_0_1	0
1	314902_0_5	1
1	23526_0_35	1
1	209656_0_11	1
1	125646_12_20	1
1	91972_0_27	1
1	531599_0_0	0
1	505511_0_4	0
1	94911_0_3	1
1	382497_9_12	0
1	358595_0_1	0
1	308430_0_0	0
1	445854_0_0	1
1	288888_0_0	0
1	151726_0_0	0
1	148606_3_10	1
1	381491_1_0	0
1	98040_1_7	0
1	269837_0_18	1
1	307206_0_6	0
1	43025_0_17	1
1	284610_0_13	0
1	152275_0_93	1
1	132972_0_23	1
1	175849_0_13	0
1	345082_0_51	1
1	201428_0_9	0
1	67046_0_18	1
1	81347_1_32	1
1	394697_0_2	1
1	465584_3_19	1
1	17552_3_10	1
1	530442_1_21	1
1	275610_0_0	0
1	188242_0_7	1
1	363020_0_7	1
1	527920_0_13	0
1	474929_0_37	1
1	98448_0_4	0
1	84073_0_0	0
1	98604_1_6	0
1	156674_0_2	0
1	182748_0_0	0
1	262816_0_12	1
1	294783_0_4	1
1	466800_0_25	1
1	98740_0_43	1
1	521293_0_2	0
1	424924_0_34	1
1	153044_2_30	1
1	46580_1_8	0
1	144102_2_0	0
1	74952_2_0	0
1	51369_0_0	0
1	240933_0_10	1
1	136550_0_0	0
1	507455_0_11	1
1	307381_9_0	0
1	84757_0_20	0
1	202582_1_51	0
1	153663_0_8	1
1	98396_0_14	0
1	101782_1_24	1
1	318001_3_1	0
1	20122_1_9	1
1	190275_0_0	0
1	500704_0_56	1
1	521252_0_19	1
1	49739_0_25	1
1	526192_7_4	0
1	535158_0_2	0
1	84490_0_0	0
1	31471_0_7	1
1	98058_0_5	0
1	504614_0_10	1
1	102919_16_19	0
1	275822_0_22	1
1	278756_0_37	0
1	245106_1_41	1
1	95619_3_46	1
1	222522_1_0	0
1	15672_0_27	1
1	298666_1_4	0
1	347980_0_13	1
1	433053_3_5	1
1	430829_0_5	0
1	2025_0_2	0
1	418650_0_33	0
1	285734_5_5	1
1	165142_0_19	1
1	140146_0_6	0
1	40108_1_11	1
1	210410_0_75	1
1	30576_0_28	1
1	9141_0_10	1
1	547686_0_24	0
1	526372_0_1	0
1	530174_0_3	1
1	303274_3_1	0
1	152779_0_13	0
1	358595_0_0	0
1	116593_0_28	1
1	416987_1_10	1
1	446948_0_26	1
1	28849_0_0	0
1	20311_0_3	1
1	222374_0_0	0
1	448827_0_5	0
1	547071_0_0	0
1	111921_0_3	0
1	192988_0_8	1
1	296132_0_15	1
1	1979_0_18	1
1	98607_0_14	0
1	358595_1_4	0
1	26388_0_13	0
1	109887_0_43	1
1	141252_0_27	1
1	321461_0_38	1
1	530617_1_0	0
1	441745_2_4	0
1	245106_0_41	1
1	234988_0_16	1
1	434923_0_2	0
1	110602_0_0	0
1	432298_0_33	1
1	98464_0_8	0
1	491533_0_1	0
1	100694_0_12	0
1	374944_0_26	0
1	305280_3_1	0
1	71920_5_10	1
1	395836_0_18	1
1	74376_0_3	0
1	375487_0_9	1
1	90320_4_9	0
1	216428_0_0	0
1	245717_0_3	0
1	372829_5_2	0
1	84501_1_39	1
1	418495_0_28	1
1	362340_3_6	0
1	219272_0_60	0
1	355732_0_37	1
1	16452_0_19	1
1	474945_0_3	0
1	288163_0_16	1
1	58787_0_83	1
1	202582_1_3	0
1	301072_3_3	0
1	97060_0_0	0
1	98760_0_49	0
1	359501_0_0	0
1	57920_1_2	0
1	98486_0_22	0
1	269837_0_0	1
1	98448_3_10	0
1	431268_0_4	0
1	494420_0_36	1
1	222312_0_34	1
1	401760_0_28	1
1	98120_0_15	0
1	539359_18_20	0
1	486893_0_133	1
1	373646_3_1	1
1	266800_0_10	0
1	511499_0_7	0
1	98977_0_31	0
1	478571_0_36	1
1	324778_1_14	1
1	202490_0_10	0
1	18873_0_47	1
1	511964_0_35	1
1	40077_0_35	1
1	358217_0_34	1
1	481959_2_0	0
1	514433_0_51	0
1	256998_0_14	0
1	214006_21_9	0
1	335336_0_19	0
1	442872_0_79	1
1	98267_0_10	1
1	176003_0_18	1
1	224749_0_9	1
1	10563_2_21	1
1	394951_0_0	0
1	349042_0_10	0
1	424974_32_17	0
1	332181_0_1	0
1	4816_0_18	1
1	149540_3_40	1
1	98034_0_36	1
1	17028_6_0	0
1	98557_0_13	0
1	518858_3_0	0
1	368968_0_1	0
1	98635_1_1	0
1	345019_5_1	0
1	63570_0_23	1
1	98678_0_5	0
1	273100_0_28	1
1	410098_0_10	0
1	375971_0_13	1
1	373276_0_20	1
1	532339_0_16	1
1	447676_0_51	1
1	46905_0_29	0
1	260797_0_3	0
1	244779_0_56	0
1	251040_0_46	0
1	348265_0_6	0
1	364945_0_1	0
1	189040_1_0	0
1	461561_0_34	0
1	358690_0_9	0
1	534368_0_38	1
1	98270_0_45	0
1	98804_0_44	0
1	522995_17_38	1
1	368399_0_53	0
1	360441_11_14	0
1	448240_12_3	0
1	541246_0_0	0
1	540392_6_28	1
1	320659_13_46	1
1	316008_0_10	1
1	508246_0_34	1
1	373841_3_1	0
1	348920_0_12	1
1	479547_0_4	1
1	280113_0_40	1
1	355431_0_43	0
1	417315_0_12	0
1	139866_0_18	1
1	20157_0_6	0
2	501231_0_44	1
2	321657_0_27	1
2	386015_0_8	1
2	9141_0_11	0
2	170821_0_29	1
2	58163_4_6	0
2	98503_0_17	1
2	424112_0_13	0
2	206607_0_20	0
2	422342_1_82	1
2	319939_0_8	1
2	89442_0_22	1
2	378958_0_7	0
2	98705_0_29	0
2	127556_0_6	1
2	98396_0_29	1
2	492215_0_9	0
2	252321_0_17	0
2	85290_0_27	1
2	275982_0_8	0
2	543720_0_32	1
2	420838_0_1	0
2	98878_0_30	1
2	315656_0_1	1
2	240644_0_1	0
2	208407_0_5	1
2	108347_0_9	1
2	98265_1_9	1
2	405278_6_26	1
2	291256_2_0	0
2	467189_0_1	0
2	310663_1_9	1
2	134157_0_23	0
2	269703_2_1	0
2	139058_0_10	0
2	168127_0_19	1
2	8841_0_11	1
2	45809_2_3	1
2	390303_0_0	0
2	185408_6_10	1
2	208407_1_6	1
2	512718_0_21	1
2	338272_0_0	0
2	98216_0_19	0
2	427020_2_2	0
2	98460_2_28	0
2	238522_0_46	1
2	295765_0_14	0
2	386227_0_36	1
2	12581_0_5	1
2	494363_0_23	1
2	63869_0_4	1
2	499799_0_62	1
2	125986_0_21	1
2	103042_0_19	1
2	435990_1_3	0
2	99306_27_5	0
2	205507_0_21	1
2	475128_2_1	0
2	18873_0_14	0
2	188595_7_10	0
2	340477_0_16	1
2	83391_2_1	0
2	98302_0_37	1
2	84752_1_0	1
2	102434_0_38	0
2	445907_0_12	1
2	481470_0_7	0
2	520438_0_30	1
2	53321_0_12	0
2	98685_0_15	0
2	397975_0_6	0
2	172628_0_53	1
2	123651_1_9	1
2	276154_0_1	0
2	306091_0_1	0
2	533738_0_17	0
2	331975_0_70	0
2	526944_0_30	1
2	98174_0_30	0
2	431540_0_76	1
2	53044_0_58	1
2	326959_0_0	0
2	437857_1_22	0
2	490896_0_15	0
2	328342_0_9	0
2	238589_0_33	1
2	351626_0_9	0
2	534648_0_2	0
2	95312_0_7	1
2	466800_0_34	1
2	525901_0_81	0
2	465584_4_9	1
2	440406_0_17	1
2	202582_1_48	0
2	186864_0_49	0
2	519291_0_4	0
2	547071_0_1	0
2	78848_1_7	0
2	363962_1_6	0
2	304781_2_14	0
2	510136_0_29	1
2	534452_0_0	1
2	202582_1_17	0
2	405639_1_7	0
2	473817_0_5	1
2	482101_2_8	1
2	234604_0_29	1
2	118671_0_6	0
2	197961_0_2	0
2	98731_0_33	0
2	152725_0_1	0
2	81235_0_91	0
2	358064_0_59	1
2	98088_0_10	0
2	238458_4_1	0
2	548592_3_2	0
2	351777_0_2	0
2	293171_0_37	1
2	127562_1_1	0
2	357791_2_2	0
2	88642_0_1	0
2	347928_0_11	1
2	492891_1_153	0
2	79552_1_23	0
2	202582_1_42	0
2	130634_0_9	0
2	239762_0_29	1
2	18893_6_8	0
2	526768_0_10	0
2	498498_0_13	1
2	449337_8_7	0
2	32481_3_58	1
2	235064_0_14	1
2	335198_1_10	1
2	139809_0_13	1
2	359254_0_7	1
2	161368_0_105	0
2	477457_0_0	0
2	542686_0_2	0
2	244_0_3	0
2	213026_0_0	1
2	21919_0_4	0
2	98460_2_14	0
2	446797_0_1	0
2	53044_0_23	1
2	521447_2_0	0
2	282096_1_16	0
2	530442_0_21	1
2	114101_0_0	0
2	158756_0_59	1
2	3289_0_20	1
2	101508_0_24	1
2	417427_0_168	1
2	227710_0_39	1
2	98786_3_4	1
2	98476_0_8	0
2	514353_0_7	1
2	539665_0_10	1
2	23095_0_42	1
2	544734_2_4	0
2	112591_0_9	1
2	385009_0_5	1
2	120083_1_1	0
2	301236_0_17	1
2	156731_2_33	1
2	508246_0_28	1
2	266395_1_18	0
2	392273_5_48	1
2	279918_10_27	0
2	171101_1_1	0
2	417313_0_30	1
2	467803_0_1	1
2	534648_0_1	0
2	202582_1_23	0
2	266228_0_42	1
2	118903_16_2	1
2	288163_0_2	1
2	126820_0_0	0
2	211949_1_14	1
2	542812_0_2	0
2	98089_0_8	0
2	57356_0_0	0
2	193329_1_20	1
2	154905_0_9	1
2	297513_0_7	1
2	394994_1_40	1
2	259171_0_0	0
2	457245_1_13	0
2	398942_7_2	0
2	136799_1_19	1
2	344535_3_15	1
2	241678_0_14	1
2	98445_0_4	0
2	295864_0_78	1
2	430838_0_1	0
2	304566_0_1	0
2	138803_0_48	1
2	49793_1_16	0
2	28549_1_26	0
2	328593_18_7	0
2	200748_2_16	1
2	16122_0_12	0
2	452399_0_15	1
2	208407_2_5	1
2	467457_1_1	0
2	137639_0_3	0
2	465541_0_19	0
2	192401_6_3	0
2	512309_0_16	1
2	52742_1_29	1
2	426273_2_1	1
2	347997_1_28	0
2	98277_0_38	0
2	98536_0_53	0
2	443887_0_3	1
2	207455_0_3	0
2	170854_0_22	1
2	258488_0_19	1
2	98874_1_34	0
2	98412_0_4	0
2	401760_0_14	1
2	420934_0_76	1
2	287911_0_15	0
2	357073_0_10	1
2	98604_1_9	1
2	202582_1_24	0
2	98680_0_52	0
2	321671_0_2	0
2	282662_0_101	1
2	112376_0_0	0
2	181371_0_9	1
2	108353_0_3	0
2	34885_1_11	1
2	296046_0_0	0
2	172075_6_4	0
2	408670_1_16	0
2	43277_2_131	1
2	272428_0_18	0
2	324633_0_14	0
2	534603_0_0	0
2	136016_7_0	0
2	272096_0_2	0
2	406933_0_4	0
2	202582_1_52	0
2	231860_1_0	0
2	147103_1_53	1
2	395548_0_8	0
2	358586_2_9	0
2	118136_4_6	0
2	98786_3_153	0
2	299820_1_4	0
2	46948_2_0	0
2	33466_0_2	0
2	38423_1_7	0
2	239762_1_29	1
2	483460_1_1	0
2	530978_0_1	1
2	478358_0_51	0
2	202582_1_15	0
2	58173_6_35	0
2	132167_22_22	0
2	322949_1_1	1
2	168181_20_9	0
2	202582_1_27	0
2	149161_0_10	1
2	62381_0_2	0
2	411077_0_1	0
2	132645_0_26	1
2	322781_0_0	0
2	346985_9_11	0
2	473014_37_1	0
2	177456_0_35	1
2	334016_0_25	1
2	168760_0_2	0
2	220815_0_1	0
2	273704_0_1	0
2	281894_0_11	0
2	98499_0_7	0
2	296108_0_12	1
2	12629_0_28	0
2	14133_2_22	0
2	440336_0_15	1
2	307225_0_0	0
2	298875_0_34	1
2	254570_0_4	1
2	175552_0_15	1
2	304796_0_11	0
2	188156_0_46	1
2	528225_0_17	0
2	541568_0_33	1
2	508246_0_15	1
2	154731_0_253	1
2	301142_0_3	0
2	499128_0_35	1
2	98493_0_14	0
2	110299_0_10	0
2	213712_4_2	0
2	98412_0_3	1
2	260375_9_63	1
2	114438_0_4	1
2	523994_0_5	0
2	76472_0_12	0
2	515467_0_2	0
2	236397_0_18	1
2	152648_1_26	1
2	496313_0_13	1
2	151875_0_8	1
2	113356_0_32	0
2	28184_0_11	0
2	512054_1_19	1
2	98860_0_5	0
2	417801_0_32	1
2	202582_1_25	0
2	98227_0_33	0
2	98674_1_14	0
2	300888_0_3	0
2	433692_0_1	0
2	545254_1_14	1
2	477457_0_1	0
2	331104_0_34	1
2	48467_0_7	0
2	39599_0_43	1
2	381495_0_15	1
2	268351_1_11	1
2	202582_1_6	0
2	508914_0_46	0
2	452908_0_27	0
2	72435_0_224	1
2	500077_0_51	1
2	199973_0_12	1
2	546856_3_5	0
2	268819_0_1	0
2	314902_0_5	1
2	23526_0_35	1
2	209656_0_11	1
2	125646_12_20	1
2	91972_0_27	1
2	531599_0_0	0
2	505511_0_4	0
2	94911_0_3	1
2	382497_9_12	0
2	358595_0_1	0
2	308430_0_0	0
2	445854_0_0	1
2	288888_0_0	0
2	151726_0_0	0
2	148606_3_10	1
2	381491_1_0	0
2	98040_1_7	0
2	269837_0_18	1
2	307206_0_6	0
2	43025_0_17	1
2	284610_0_13	0
2	152275_0_93	1
2	132972_0_23	1
2	175849_0_13	0
2	345082_0_51	1
2	201428_0_9	0
2	67046_0_18	1
2	81347_1_32	1
2	394697_0_2	1
2	465584_3_19	1
2	17552_3_10	1
2	530442_1_21	1
2	275610_0_0	0
2	188242_0_7	1
2	363020_0_7	1
2	527920_0_13	0
2	474929_0_37	1
2	98448_0_4	0
2	84073_0_0	0
2	98604_1_6	0
2	156674_0_2	0
2	182748_0_0	0
2	262816_0_12	1
2	294783_0_4	1
2	466800_0_25	1
2	98740_0_43	1
2	521293_0_2	0
2	424924_0_34	1
2	153044_2_30	1
2	46580_1_8	0
2	144102_2_0	0
2	74952_2_0	0
2	51369_0_0	0
2	240933_0_10	1
2	136550_0_0	0
2	507455_0_11	1
2	307381_9_0	0
2	84757_0_20	0
2	202582_1_51	0
2	153663_0_8	1
2	98396_0_14	0
2	101782_1_24	1
2	318001_3_1	0
2	20122_1_9	1
2	190275_0_0	0
2	500704_0_56	1
2	521252_0_19	1
2	49739_0_25	1
2	526192_7_4	0
2	535158_0_2	0
2	84490_0_0	0
2	31471_0_7	1
2	98058_0_5	0
2	504614_0_10	1
2	102919_16_19	0
2	275822_0_22	1
2	278756_0_37	0
2	245106_1_41	1
2	95619_3_46	1
2	222522_1_0	0
2	15672_0_27	1
2	298666_1_4	0
2	347980_0_13	1
2	433053_3_5	1
2	430829_0_5	0
2	2025_0_2	0
2	418650_0_33	0
2	285734_5_5	1
2	165142_0_19	1
2	140146_0_6	0
2	40108_1_11	1
2	210410_0_75	1
2	30576_0_28	1
2	9141_0_10	1
2	547686_0_24	0
2	526372_0_1	0
2	530174_0_3	1
2	303274_3_1	0
2	152779_0_13	0
2	358595_0_0	0
2	116593_0_28	1
2	416987_1_10	1
2	446948_0_26	1
2	28849_0_0	0
2	20311_0_3	1
2	222374_0_0	0
2	448827_0_5	0
2	547071_0_0	0
2	111921_0_3	0
2	192988_0_8	1
2	296132_0_15	1
2	1979_0_18	1
2	98607_0_14	0
2	358595_1_4	0
2	26388_0_13	0
2	109887_0_43	1
2	141252_0_27	1
2	321461_0_38	1
2	530617_1_0	0
2	441745_2_4	0
2	245106_0_41	1
2	234988_0_16	1
2	434923_0_2	0
2	110602_0_0	0
2	432298_0_33	1
2	98464_0_8	0
2	491533_0_1	0
2	100694_0_12	0
2	374944_0_26	0
2	305280_3_1	0
2	71920_5_10	1
2	395836_0_18	1
2	74376_0_3	0
2	375487_0_9	1
2	90320_4_9	0
2	216428_0_0	0
2	245717_0_3	0
2	372829_5_2	0
2	84501_1_39	1
2	418495_0_28	1
2	362340_3_6	0
2	219272_0_60	0
2	355732_0_37	1
2	16452_0_19	1
2	474945_0_3	0
2	288163_0_16	1
2	58787_0_83	1
2	202582_1_3	0
2	301072_3_3	0
2	97060_0_0	0
2	98760_0_49	0
2	359501_0_0	0
2	57920_1_2	0
2	98486_0_22	0
2	269837_0_0	1
2	98448_3_10	0
2	431268_0_4	0
2	494420_0_36	1
2	222312_0_34	1
2	401760_0_28	1
2	98120_0_15	0
2	539359_18_20	0
2	486893_0_133	1
2	373646_3_1	1
2	266800_0_10	0
2	511499_0_7	0
2	98977_0_31	0
2	478571_0_36	1
2	324778_1_14	1
2	202490_0_10	0
2	18873_0_47	1
2	511964_0_35	1
2	40077_0_35	1
2	358217_0_34	1
2	481959_2_0	0
2	514433_0_51	0
2	256998_0_14	0
2	214006_21_9	0
2	335336_0_19	0
2	442872_0_79	1
2	98267_0_10	1
2	176003_0_18	1
2	224749_0_9	1
2	10563_2_21	1
2	394951_0_0	0
2	349042_0_10	0
2	424974_32_17	0
2	332181_0_1	0
2	4816_0_18	1
2	149540_3_40	1
2	98034_0_36	1
2	17028_6_0	0
2	98557_0_13	0
2	518858_3_0	0
2	368968_0_1	0
2	98635_1_1	0
2	345019_5_1	0
2	63570_0_23	1
2	98678_0_5	0
2	273100_0_28	1
2	410098_0_10	0
2	375971_0_13	1
2	373276_0_20	1
2	532339_0_16	1
2	447676_0_51	1
2	46905_0_29	0
2	260797_0_3	0
2	244779_0_56	0
2	251040_0_46	0
2	348265_0_6	0
2	364945_0_1	0
2	189040_1_0	0
2	461561_0_34	0
2	358690_0_9	0
2	534368_0_38	1
2	98270_0_45	0
2	98804_0_44	0
2	522995_17_38	1
2	368399_0_53	0
2	360441_11_14	0
2	448240_12_3	0
2	541246_0_0	0
2	540392_6_28	1
2	320659_13_46	1
2	316008_0_10	1
2	508246_0_34	1
2	373841_3_1	0
2	348920_0_12	1
2	479547_0_4	1
2	280113_0_40	1
2	355431_0_43	0
2	417315_0_12	0
2	139866_0_18	1
2	20157_0_6	0
3	501231_0_44	1
3	321657_0_27	1
3	386015_0_8	1
3	9141_0_11	0
3	170821_0_29	1
3	58163_4_6	0
3	98503_0_17	1
3	424112_0_13	0
3	206607_0_20	0
3	422342_1_82	1
3	319939_0_8	1
3	89442_0_22	1
3	378958_0_7	0
3	98705_0_29	0
3	127556_0_6	1
3	98396_0_29	1
3	492215_0_9	0
3	252321_0_17	0
3	85290_0_27	1
3	275982_0_8	0
3	543720_0_32	1
3	420838_0_1	0
3	98878_0_30	1
3	315656_0_1	1
3	240644_0_1	0
3	208407_0_5	1
3	108347_0_9	1
3	98265_1_9	1
3	405278_6_26	1
3	291256_2_0	0
3	467189_0_1	0
3	310663_1_9	1
3	134157_0_23	0
3	269703_2_1	0
3	139058_0_10	0
3	168127_0_19	1
3	8841_0_11	1
3	45809_2_3	1
3	390303_0_0	0
3	185408_6_10	1
3	208407_1_6	1
3	512718_0_21	1
3	338272_0_0	0
3	98216_0_19	0
3	427020_2_2	0
3	98460_2_28	0
3	238522_0_46	1
3	295765_0_14	0
3	386227_0_36	1
3	12581_0_5	1
3	494363_0_23	1
3	63869_0_4	1
3	499799_0_62	1
3	125986_0_21	1
3	103042_0_19	1
3	435990_1_3	0
3	99306_27_5	0
3	205507_0_21	1
3	475128_2_1	0
3	18873_0_14	0
3	188595_7_10	0
3	340477_0_16	1
3	83391_2_1	0
3	98302_0_37	1
3	84752_1_0	1
3	102434_0_38	0
3	445907_0_12	1
3	481470_0_7	0
3	520438_0_30	1
3	53321_0_12	0
3	98685_0_15	0
3	397975_0_6	0
3	172628_0_53	1
3	123651_1_9	1
3	276154_0_1	0
3	306091_0_1	0
3	533738_0_17	0
3	331975_0_70	0
3	526944_0_30	1
3	98174_0_30	0
3	431540_0_76	1
3	53044_0_58	1
3	326959_0_0	0
3	437857_1_22	0
3	490896_0_15	0
3	328342_0_9	0
3	238589_0_33	1
3	351626_0_9	0
3	534648_0_2	0
3	95312_0_7	1
3	466800_0_34	1
3	525901_0_81	0
3	465584_4_9	1
3	440406_0_17	1
3	202582_1_48	0
3	186864_0_49	0
3	519291_0_4	0
3	547071_0_1	0
3	78848_1_7	0
3	363962_1_6	0
3	304781_2_14	0
3	510136_0_29	1
3	534452_0_0	1
3	202582_1_17	0
3	405639_1_7	0
3	473817_0_5	1
3	482101_2_8	1
3	234604_0_29	1
3	118671_0_6	0
3	197961_0_2	0
3	98731_0_33	0
3	152725_0_1	0
3	81235_0_91	0
3	358064_0_59	1
3	98088_0_10	0
3	238458_4_1	0
3	548592_3_2	0
3	351777_0_2	0
3	293171_0_37	1
3	127562_1_1	0
3	357791_2_2	0
3	88642_0_1	0
3	347928_0_11	1
3	492891_1_153	0
3	79552_1_23	0
3	202582_1_42	0
3	130634_0_9	0
3	239762_0_29	1
3	18893_6_8	0
3	526768_0_10	0
3	498498_0_13	1
3	449337_8_7	0
3	32481_3_58	1
3	235064_0_14	1
3	335198_1_10	1
3	139809_0_13	1
3	359254_0_7	1
3	161368_0_105	0
3	477457_0_0	0
3	542686_0_2	0
3	244_0_3	0
3	213026_0_0	1
3	21919_0_4	0
3	98460_2_14	0
3	446797_0_1	0
3	53044_0_23	1
3	521447_2_0	0
3	282096_1_16	0
3	530442_0_21	1
3	114101_0_0	0
3	158756_0_59	1
3	3289_0_20	1
3	101508_0_24	1
3	417427_0_168	1
3	227710_0_39	1
3	98786_3_4	1
3	98476_0_8	0
3	514353_0_7	1
3	539665_0_10	1
3	23095_0_42	1
3	544734_2_4	0
3	112591_0_9	1
3	385009_0_5	1
3	120083_1_1	0
3	301236_0_17	1
3	156731_2_33	1
3	508246_0_28	1
3	266395_1_18	0
3	392273_5_48	1
3	279918_10_27	0
3	171101_1_1	0
3	417313_0_30	1
3	467803_0_1	1
3	534648_0_1	0
3	202582_1_23	0
3	266228_0_42	1
3	118903_16_2	1
3	288163_0_2	1
3	126820_0_0	0
3	211949_1_14	1
3	542812_0_2	0
3	98089_0_8	0
3	57356_0_0	0
3	193329_1_20	1
3	154905_0_9	1
3	297513_0_7	1
3	394994_1_40	1
3	259171_0_0	0
3	457245_1_13	0
3	398942_7_2	0
3	136799_1_19	1
3	344535_3_15	1
3	241678_0_14	1
3	98445_0_4	0
3	295864_0_78	1
3	430838_0_1	0
3	304566_0_1	0
3	138803_0_48	1
3	49793_1_16	0
3	28549_1_26	0
3	328593_18_7	0
3	200748_2_16	1
3	16122_0_12	0
3	452399_0_15	1
3	208407_2_5	1
3	467457_1_1	0
3	137639_0_3	0
3	465541_0_19	0
3	192401_6_3	0
3	512309_0_16	1
3	52742_1_29	1
3	426273_2_1	1
3	347997_1_28	0
3	98277_0_38	0
3	98536_0_53	0
3	443887_0_3	1
3	207455_0_3	0
3	170854_0_22	1
3	258488_0_19	1
3	98874_1_34	0
3	98412_0_4	0
3	401760_0_14	1
3	420934_0_76	1
3	287911_0_15	0
3	357073_0_10	1
3	98604_1_9	1
3	202582_1_24	0
3	98680_0_52	0
3	321671_0_2	0
3	282662_0_101	1
3	112376_0_0	0
3	181371_0_9	1
3	108353_0_3	0
3	34885_1_11	1
3	296046_0_0	0
3	172075_6_4	0
3	408670_1_16	0
3	43277_2_131	1
3	272428_0_18	0
3	324633_0_14	0
3	534603_0_0	0
3	136016_7_0	0
3	272096_0_2	0
3	406933_0_4	0
3	202582_1_52	0
3	231860_1_0	0
3	147103_1_53	1
3	395548_0_8	0
3	358586_2_9	0
3	118136_4_6	0
3	98786_3_153	0
3	299820_1_4	0
3	46948_2_0	0
3	33466_0_2	0
3	38423_1_7	0
3	239762_1_29	1
3	483460_1_1	0
3	530978_0_1	1
3	478358_0_51	0
3	202582_1_15	0
3	58173_6_35	0
3	132167_22_22	0
3	322949_1_1	1
3	168181_20_9	0
3	202582_1_27	0
3	149161_0_10	1
3	62381_0_2	0
3	411077_0_1	0
3	132645_0_26	1
3	322781_0_0	0
3	346985_9_11	0
3	473014_37_1	0
3	177456_0_35	1
3	334016_0_25	1
3	168760_0_2	0
3	220815_0_1	0
3	273704_0_1	0
3	281894_0_11	0
3	98499_0_7	0
3	296108_0_12	1
3	12629_0_28	0
3	14133_2_22	0
3	440336_0_15	1
3	307225_0_0	0
3	298875_0_34	1
3	254570_0_4	1
3	175552_0_15	1
3	304796_0_11	0
3	188156_0_46	1
3	528225_0_17	0
3	541568_0_33	1
3	508246_0_15	1
3	154731_0_253	1
3	301142_0_3	0
3	499128_0_35	1
3	98493_0_14	0
3	110299_0_10	0
3	213712_4_2	0
3	98412_0_3	1
3	260375_9_63	1
3	114438_0_4	1
3	523994_0_5	0
3	76472_0_12	0
3	515467_0_2	0
3	236397_0_18	1
3	152648_1_26	1
3	496313_0_13	1
3	151875_0_8	1
3	113356_0_32	0
3	28184_0_11	0
3	512054_1_19	1
3	98860_0_5	0
3	417801_0_32	1
3	202582_1_25	0
3	98227_0_33	0
3	98674_1_14	0
3	300888_0_3	0
3	433692_0_1	0
3	545254_1_14	1
3	477457_0_1	0
3	331104_0_34	1
3	48467_0_7	0
3	39599_0_43	1
3	381495_0_15	1
3	268351_1_11	1
3	202582_1_6	0
3	508914_0_46	0
3	452908_0_27	0
3	72435_0_224	1
3	500077_0_51	1
3	199973_0_12	1
3	546856_3_5	0
3	268819_0_1	0
3	314902_0_5	1
3	23526_0_35	1
3	209656_0_11	1
3	125646_12_20	1
3	91972_0_27	1
3	531599_0_0	0
3	505511_0_4	0
3	94911_0_3	1
3	382497_9_12	0
3	358595_0_1	0
3	308430_0_0	0
3	445854_0_0	1
3	288888_0_0	0
3	151726_0_0	0
3	148606_3_10	1
3	381491_1_0	0
3	98040_1_7	0
3	269837_0_18	1
3	307206_0_6	0
3	43025_0_17	1
3	284610_0_13	0
3	152275_0_93	1
3	132972_0_23	1
3	175849_0_13	0
3	345082_0_51	1
3	201428_0_9	0
3	67046_0_18	1
3	81347_1_32	1
3	394697_0_2	1
3	465584_3_19	1
3	17552_3_10	1
3	530442_1_21	1
3	275610_0_0	0
3	188242_0_7	1
3	363020_0_7	1
3	527920_0_13	0
3	474929_0_37	1
3	98448_0_4	0
3	84073_0_0	0
3	98604_1_6	0
3	156674_0_2	0
3	182748_0_0	0
3	262816_0_12	1
3	294783_0_4	1
3	466800_0_25	1
3	98740_0_43	1
3	521293_0_2	0
3	424924_0_34	1
3	153044_2_30	1
3	46580_1_8	0
3	144102_2_0	0
3	74952_2_0	0
3	51369_0_0	0
3	240933_0_10	1
3	136550_0_0	0
3	507455_0_11	1
3	307381_9_0	0
3	84757_0_20	0
3	202582_1_51	0
3	153663_0_8	1
3	98396_0_14	0
3	101782_1_24	1
3	318001_3_1	0
3	20122_1_9	1
3	190275_0_0	0
3	500704_0_56	1
3	521252_0_19	1
3	49739_0_25	1
3	526192_7_4	0
3	535158_0_2	0
3	84490_0_0	0
3	31471_0_7	1
3	98058_0_5	0
3	504614_0_10	1
3	102919_16_19	0
3	275822_0_22	1
3	278756_0_37	0
3	245106_1_41	1
3	95619_3_46	1
3	222522_1_0	0
3	15672_0_27	1
3	298666_1_4	0
3	347980_0_13	1
3	433053_3_5	1
3	430829_0_5	0
3	2025_0_2	0
3	418650_0_33	0
3	285734_5_5	1
3	165142_0_19	1
3	140146_0_6	0
3	40108_1_11	1
3	210410_0_75	1
3	30576_0_28	1
3	9141_0_10	1
3	547686_0_24	0
3	526372_0_1	0
3	530174_0_3	1
3	303274_3_1	0
3	152779_0_13	0
3	358595_0_0	0
3	116593_0_28	1
3	416987_1_10	1
3	446948_0_26	1
3	28849_0_0	0
3	20311_0_3	1
3	222374_0_0	0
3	448827_0_5	0
3	547071_0_0	0
3	111921_0_3	0
3	192988_0_8	1
3	296132_0_15	1
3	1979_0_18	1
3	98607_0_14	0
3	358595_1_4	0
3	26388_0_13	0
3	109887_0_43	1
3	141252_0_27	1
3	321461_0_38	1
3	530617_1_0	0
3	441745_2_4	0
3	245106_0_41	1
3	234988_0_16	1
3	434923_0_2	0
3	110602_0_0	0
3	432298_0_33	1
3	98464_0_8	0
3	491533_0_1	0
3	100694_0_12	0
3	374944_0_26	0
3	305280_3_1	0
3	71920_5_10	1
3	395836_0_18	1
3	74376_0_3	0
3	375487_0_9	1
3	90320_4_9	0
3	216428_0_0	0
3	245717_0_3	0
3	372829_5_2	0
3	84501_1_39	1
3	418495_0_28	1
3	362340_3_6	0
3	219272_0_60	0
3	355732_0_37	1
3	16452_0_19	1
3	474945_0_3	0
3	288163_0_16	1
3	58787_0_83	1
3	202582_1_3	0
3	301072_3_3	0
3	97060_0_0	0
3	98760_0_49	0
3	359501_0_0	0
3	57920_1_2	0
3	98486_0_22	0
3	269837_0_0	1
3	98448_3_10	0
3	431268_0_4	0
3	494420_0_36	1
3	222312_0_34	1
3	401760_0_28	1
3	98120_0_15	0
3	539359_18_20	0
3	486893_0_133	1
3	373646_3_1	1
3	266800_0_10	0
3	511499_0_7	0
3	98977_0_31	0
3	478571_0_36	1
3	324778_1_14	1
3	202490_0_10	0
3	18873_0_47	1
3	511964_0_35	1
3	40077_0_35	1
3	358217_0_34	1
3	481959_2_0	0
3	514433_0_51	0
3	256998_0_14	0
3	214006_21_9	0
3	335336_0_19	0
3	442872_0_79	1
3	98267_0_10	1
3	176003_0_18	1
3	224749_0_9	1
3	10563_2_21	1
3	394951_0_0	0
3	349042_0_10	0
3	424974_32_17	0
3	332181_0_1	0
3	4816_0_18	1
3	149540_3_40	1
3	98034_0_36	1
3	17028_6_0	0
3	98557_0_13	0
3	518858_3_0	0
3	368968_0_1	0
3	98635_1_1	0
3	345019_5_1	0
3	63570_0_23	1
3	98678_0_5	0
3	273100_0_28	1
3	410098_0_10	0
3	375971_0_13	1
3	373276_0_20	1
3	532339_0_16	1
3	447676_0_51	1
3	46905_0_29	0
3	260797_0_3	0
3	244779_0_56	0
3	251040_0_46	0
3	348265_0_6	0
3	364945_0_1	0
3	189040_1_0	0
3	461561_0_34	0
3	358690_0_9	0
3	534368_0_38	1
3	98270_0_45	0
3	98804_0_44	0
3	522995_17_38	1
3	368399_0_53	0
3	360441_11_14	0
3	448240_12_3	0
3	541246_0_0	0
3	540392_6_28	1
3	320659_13_46	1
3	316008_0_10	1
3	508246_0_34	1
3	373841_3_1	0
3	348920_0_12	1
3	479547_0_4	1
3	280113_0_40	1
3	355431_0_43	0
3	417315_0_12	0
3	139866_0_18	1
3	20157_0_6	0
4	501231_0_44	1
4	321657_0_27	1
4	386015_0_8	1
4	9141_0_11	0
4	170821_0_29	1
4	58163_4_6	0
4	98503_0_17	1
4	424112_0_13	0
4	206607_0_20	0
4	422342_1_82	1
4	319939_0_8	1
4	89442_0_22	1
4	378958_0_7	0
4	98705_0_29	0
4	127556_0_6	1
4	98396_0_29	1
4	492215_0_9	0
4	252321_0_17	0
4	85290_0_27	1
4	275982_0_8	0
4	543720_0_32	1
4	420838_0_1	0
4	98878_0_30	1
4	315656_0_1	1
4	240644_0_1	0
4	208407_0_5	1
4	108347_0_9	1
4	98265_1_9	1
4	405278_6_26	1
4	291256_2_0	0
4	467189_0_1	0
4	310663_1_9	1
4	134157_0_23	0
4	269703_2_1	0
4	139058_0_10	0
4	168127_0_19	1
4	8841_0_11	1
4	45809_2_3	1
4	390303_0_0	0
4	185408_6_10	1
4	208407_1_6	1
4	512718_0_21	1
4	338272_0_0	0
4	98216_0_19	0
4	427020_2_2	0
4	98460_2_28	0
4	238522_0_46	1
4	295765_0_14	0
4	386227_0_36	1
4	12581_0_5	1
4	494363_0_23	1
4	63869_0_4	1
4	499799_0_62	1
4	125986_0_21	1
4	103042_0_19	1
4	435990_1_3	0
4	99306_27_5	0
4	205507_0_21	1
4	475128_2_1	0
4	18873_0_14	0
4	188595_7_10	0
4	340477_0_16	1
4	83391_2_1	0
4	98302_0_37	1
4	84752_1_0	1
4	102434_0_38	0
4	445907_0_12	1
4	481470_0_7	0
4	520438_0_30	1
4	53321_0_12	0
4	98685_0_15	0
4	397975_0_6	0
4	172628_0_53	1
4	123651_1_9	1
4	276154_0_1	0
4	306091_0_1	0
4	533738_0_17	0
4	331975_0_70	0
4	526944_0_30	1
4	98174_0_30	0
4	431540_0_76	1
4	53044_0_58	1
4	326959_0_0	0
4	437857_1_22	0
4	490896_0_15	0
4	328342_0_9	0
4	238589_0_33	1
4	351626_0_9	0
4	534648_0_2	0
4	95312_0_7	1
4	466800_0_34	1
4	525901_0_81	0
4	465584_4_9	1
4	440406_0_17	1
4	202582_1_48	0
4	186864_0_49	0
4	519291_0_4	0
4	547071_0_1	0
4	78848_1_7	0
4	363962_1_6	0
4	304781_2_14	0
4	510136_0_29	1
4	534452_0_0	1
4	202582_1_17	0
4	405639_1_7	0
4	473817_0_5	1
4	482101_2_8	1
4	234604_0_29	1
4	118671_0_6	0
4	197961_0_2	0
4	98731_0_33	0
4	152725_0_1	0
4	81235_0_91	0
4	358064_0_59	1
4	98088_0_10	0
4	238458_4_1	0
4	548592_3_2	0
4	351777_0_2	0
4	293171_0_37	1
4	127562_1_1	0
4	357791_2_2	0
4	88642_0_1	0
4	347928_0_11	1
4	492891_1_153	0
4	79552_1_23	0
4	202582_1_42	0
4	130634_0_9	0
4	239762_0_29	1
4	18893_6_8	0
4	526768_0_10	0
4	498498_0_13	1
4	449337_8_7	0
4	32481_3_58	1
4	235064_0_14	1
4	335198_1_10	1
4	139809_0_13	1
4	359254_0_7	1
4	161368_0_105	0
4	477457_0_0	0
4	542686_0_2	0
4	244_0_3	0
4	213026_0_0	1
4	21919_0_4	0
4	98460_2_14	0
4	446797_0_1	0
4	53044_0_23	1
4	521447_2_0	0
4	282096_1_16	0
4	530442_0_21	1
4	114101_0_0	0
4	158756_0_59	1
4	3289_0_20	1
4	101508_0_24	1
4	417427_0_168	1
4	227710_0_39	1
4	98786_3_4	1
4	98476_0_8	0
4	514353_0_7	1
4	539665_0_10	1
4	23095_0_42	1
4	544734_2_4	0
4	112591_0_9	1
4	385009_0_5	1
4	120083_1_1	0
4	301236_0_17	1
4	156731_2_33	1
4	508246_0_28	1
4	266395_1_18	0
4	392273_5_48	1
4	279918_10_27	0
4	171101_1_1	0
4	417313_0_30	1
4	467803_0_1	1
4	534648_0_1	0
4	202582_1_23	0
4	266228_0_42	1
4	118903_16_2	1
4	288163_0_2	1
4	126820_0_0	0
4	211949_1_14	1
4	542812_0_2	0
4	98089_0_8	0
4	57356_0_0	0
4	193329_1_20	1
4	154905_0_9	1
4	297513_0_7	1
4	394994_1_40	1
4	259171_0_0	0
4	457245_1_13	0
4	398942_7_2	0
4	136799_1_19	1
4	344535_3_15	1
4	241678_0_14	1
4	98445_0_4	0
4	295864_0_78	1
4	430838_0_1	0
4	304566_0_1	0
4	138803_0_48	1
4	49793_1_16	0
4	28549_1_26	0
4	328593_18_7	0
4	200748_2_16	1
4	16122_0_12	0
4	452399_0_15	1
4	208407_2_5	1
4	467457_1_1	0
4	137639_0_3	0
4	465541_0_19	0
4	192401_6_3	0
4	512309_0_16	1
4	52742_1_29	1
4	426273_2_1	1
4	347997_1_28	0
4	98277_0_38	0
4	98536_0_53	0
4	443887_0_3	1
4	207455_0_3	0
4	170854_0_22	1
4	258488_0_19	1
4	98874_1_34	0
4	98412_0_4	0
4	401760_0_14	1
4	420934_0_76	1
4	287911_0_15	0
4	357073_0_10	1
4	98604_1_9	1
4	202582_1_24	0
4	98680_0_52	0
4	321671_0_2	0
4	282662_0_101	1
4	112376_0_0	0
4	181371_0_9	1
4	108353_0_3	0
4	34885_1_11	1
4	296046_0_0	0
4	172075_6_4	0
4	408670_1_16	0
4	43277_2_131	1
4	272428_0_18	0
4	324633_0_14	0
4	534603_0_0	0
4	136016_7_0	0
4	272096_0_2	0
4	406933_0_4	0
4	202582_1_52	0
4	231860_1_0	0
4	147103_1_53	1
4	395548_0_8	0
4	358586_2_9	0
4	118136_4_6	0
4	98786_3_153	0
4	299820_1_4	0
4	46948_2_0	0
4	33466_0_2	0
4	38423_1_7	0
4	239762_1_29	1
4	483460_1_1	0
4	530978_0_1	1
4	478358_0_51	0
4	202582_1_15	0
4	58173_6_35	0
4	132167_22_22	0
4	322949_1_1	1
4	168181_20_9	0
4	202582_1_27	0
4	149161_0_10	1
4	62381_0_2	0
4	411077_0_1	0
4	132645_0_26	1
4	322781_0_0	0
4	346985_9_11	0
4	473014_37_1	0
4	177456_0_35	1
4	334016_0_25	1
4	168760_0_2	0
4	220815_0_1	0
4	273704_0_1	0
4	281894_0_11	0
4	98499_0_7	0
4	296108_0_12	1
4	12629_0_28	0
4	14133_2_22	0
4	440336_0_15	1
4	307225_0_0	0
4	298875_0_34	1
4	254570_0_4	1
4	175552_0_15	1
4	304796_0_11	0
4	188156_0_46	1
4	528225_0_17	0
4	541568_0_33	1
4	508246_0_15	1
4	154731_0_253	1
4	301142_0_3	0
4	499128_0_35	1
4	98493_0_14	0
4	110299_0_10	0
4	213712_4_2	0
4	98412_0_3	1
4	260375_9_63	1
4	114438_0_4	1
4	523994_0_5	0
4	76472_0_12	0
4	515467_0_2	0
4	236397_0_18	1
4	152648_1_26	1
4	496313_0_13	1
4	151875_0_8	1
4	113356_0_32	0
4	28184_0_11	0
4	512054_1_19	1
4	98860_0_5	0
4	417801_0_32	1
4	202582_1_25	0
4	98227_0_33	0
4	98674_1_14	0
4	300888_0_3	0
4	433692_0_1	0
4	545254_1_14	1
4	477457_0_1	0
4	331104_0_34	1
4	48467_0_7	0
4	39599_0_43	1
4	381495_0_15	1
4	268351_1_11	1
4	202582_1_6	0
4	508914_0_46	0
4	452908_0_27	0
4	72435_0_224	1
4	500077_0_51	1
4	199973_0_12	1
4	546856_3_5	0
4	268819_0_1	0
4	314902_0_5	1
4	23526_0_35	1
4	209656_0_11	1
4	125646_12_20	1
4	91972_0_27	1
4	531599_0_0	0
4	505511_0_4	0
4	94911_0_3	1
4	382497_9_12	0
4	358595_0_1	0
4	308430_0_0	0
4	445854_0_0	1
4	288888_0_0	0
4	151726_0_0	0
4	148606_3_10	1
4	381491_1_0	0
4	98040_1_7	0
4	269837_0_18	1
4	307206_0_6	0
4	43025_0_17	1
4	284610_0_13	0
4	152275_0_93	1
4	132972_0_23	1
4	175849_0_13	0
4	345082_0_51	1
4	201428_0_9	0
4	67046_0_18	1
4	81347_1_32	1
4	394697_0_2	1
4	465584_3_19	1
4	17552_3_10	1
4	530442_1_21	1
4	275610_0_0	0
4	188242_0_7	1
4	363020_0_7	1
4	527920_0_13	0
4	474929_0_37	1
4	98448_0_4	0
4	84073_0_0	0
4	98604_1_6	0
4	156674_0_2	0
4	182748_0_0	0
4	262816_0_12	1
4	294783_0_4	1
4	466800_0_25	1
4	98740_0_43	1
4	521293_0_2	0
4	424924_0_34	1
4	153044_2_30	1
4	46580_1_8	0
4	144102_2_0	0
4	74952_2_0	0
4	51369_0_0	0
4	240933_0_10	1
4	136550_0_0	0
4	507455_0_11	1
4	307381_9_0	0
4	84757_0_20	0
4	202582_1_51	0
4	153663_0_8	1
4	98396_0_14	0
4	101782_1_24	1
4	318001_3_1	0
4	20122_1_9	1
4	190275_0_0	0
4	500704_0_56	1
4	521252_0_19	1
4	49739_0_25	1
4	526192_7_4	0
4	535158_0_2	0
4	84490_0_0	0
4	31471_0_7	1
4	98058_0_5	0
4	504614_0_10	1
4	102919_16_19	0
4	275822_0_22	1
4	278756_0_37	0
4	245106_1_41	1
4	95619_3_46	1
4	222522_1_0	0
4	15672_0_27	1
4	298666_1_4	0
4	347980_0_13	1
4	433053_3_5	1
4	430829_0_5	0
4	2025_0_2	0
4	418650_0_33	0
4	285734_5_5	1
4	165142_0_19	1
4	140146_0_6	0
4	40108_1_11	1
4	210410_0_75	1
4	30576_0_28	1
4	9141_0_10	1
4	547686_0_24	0
4	526372_0_1	0
4	530174_0_3	1
4	303274_3_1	0
4	152779_0_13	0
4	358595_0_0	0
4	116593_0_28	1
4	416987_1_10	1
4	446948_0_26	1
4	28849_0_0	0
4	20311_0_3	1
4	222374_0_0	0
4	448827_0_5	0
4	547071_0_0	0
4	111921_0_3	0
4	192988_0_8	1
4	296132_0_15	1
4	1979_0_18	1
4	98607_0_14	0
4	358595_1_4	0
4	26388_0_13	0
4	109887_0_43	1
4	141252_0_27	1
4	321461_0_38	1
4	530617_1_0	0
4	441745_2_4	0
4	245106_0_41	1
4	234988_0_16	1
4	434923_0_2	0
4	110602_0_0	0
4	432298_0_33	1
4	98464_0_8	0
4	491533_0_1	0
4	100694_0_12	0
4	374944_0_26	0
4	305280_3_1	0
4	71920_5_10	1
4	395836_0_18	1
4	74376_0_3	0
4	375487_0_9	1
4	90320_4_9	0
4	216428_0_0	0
4	245717_0_3	0
4	372829_5_2	0
4	84501_1_39	1
4	418495_0_28	1
4	362340_3_6	0
4	219272_0_60	0
4	355732_0_37	1
4	16452_0_19	1
4	474945_0_3	0
4	288163_0_16	1
4	58787_0_83	1
4	202582_1_3	0
4	301072_3_3	0
4	97060_0_0	0
4	98760_0_49	0
4	359501_0_0	0
4	57920_1_2	0
4	98486_0_22	0
4	269837_0_0	1
4	98448_3_10	0
4	431268_0_4	0
4	494420_0_36	1
4	222312_0_34	1
4	401760_0_28	1
4	98120_0_15	0
4	539359_18_20	0
4	486893_0_133	1
4	373646_3_1	1
4	266800_0_10	0
4	511499_0_7	0
4	98977_0_31	0
4	478571_0_36	1
4	324778_1_14	1
4	202490_0_10	0
4	18873_0_47	1
4	511964_0_35	1
4	40077_0_35	1
4	358217_0_34	1
4	481959_2_0	0
4	514433_0_51	0
4	256998_0_14	0
4	214006_21_9	0
4	335336_0_19	0
4	442872_0_79	1
4	98267_0_10	1
4	176003_0_18	1
4	224749_0_9	1
4	10563_2_21	1
4	394951_0_0	0
4	349042_0_10	0
4	424974_32_17	0
4	332181_0_1	0
4	4816_0_18	1
4	149540_3_40	1
4	98034_0_36	1
4	17028_6_0	0
4	98557_0_13	0
4	518858_3_0	0
4	368968_0_1	0
4	98635_1_1	0
4	345019_5_1	0
4	63570_0_23	1
4	98678_0_5	0
4	273100_0_28	1
4	410098_0_10	0
4	375971_0_13	1
4	373276_0_20	1
4	532339_0_16	1
4	447676_0_51	1
4	46905_0_29	0
4	260797_0_3	0
4	244779_0_56	0
4	251040_0_46	0
4	348265_0_6	0
4	364945_0_1	0
4	189040_1_0	0
4	461561_0_34	0
4	358690_0_9	0
4	534368_0_38	1
4	98270_0_45	0
4	98804_0_44	0
4	522995_17_38	1
4	368399_0_53	0
4	360441_11_14	0
4	448240_12_3	0
4	541246_0_0	0
4	540392_6_28	1
4	320659_13_46	1
4	316008_0_10	1
4	508246_0_34	1
4	373841_3_1	0
4	348920_0_12	1
4	479547_0_4	1
4	280113_0_40	1
4	355431_0_43	0
4	417315_0_12	0
4	139866_0_18	1
4	20157_0_6	0
