1	253909_0_14	0
1	289452_0_23	1
1	484956_0_1	1
1	523857_6_5	0
1	328004_4_34	0
1	166202_1_14	1
1	45263_0_29	0
1	513291_0_1	1
1	459581_0_0	1
1	287702_0_33	1
1	165198_1_18	0
1	213388_0_4	1
1	71512_0_12	0
1	4212_0_7	0
1	430310_0_11	0
1	419586_1_20	0
1	276305_1_8	1
1	237167_0_29	1
1	271759_0_3	0
1	250861_0_12	1
1	98705_0_29	0
1	271752_0_10	0
1	336907_1_11	0
1	36866_1_37	1
1	459571_0_8	0
1	239363_0_2	0
1	492215_0_9	0
1	379293_2_2	0
1	515136_2_33	1
1	442346_0_34	0
1	175655_0_0	0
1	546998_0_18	1
1	411866_0_14	1
1	275982_0_8	0
1	1084_0_16	1
1	57519_0_15	1
1	315536_0_12	0
1	425625_0_1	0
1	207744_0_37	1
1	223496_3_7	0
1	548295_0_1	1
1	264881_0_4	0
1	441776_0_16	1
1	515037_0_5	1
1	354015_0_3	0
1	98596_0_9	0
1	275527_17_0	0
1	512690_0_14	1
1	8151_0_37	1
1	347065_8_31	0
1	207331_0_9	1
1	495739_0_16	0
1	98376_0_4	0
1	49393_0_2	0
1	304099_0_5	1
1	21595_0_3	1
1	139058_0_10	0
1	539311_2_16	0
1	258799_0_10	0
1	495886_1_2	1
1	43795_0_52	1
1	439459_0_41	1
1	338272_0_0	0
1	443294_0_1	1
1	401592_0_7	0
1	286095_7_6	0
1	532160_0_19	0
1	529121_0_8	0
1	495054_0_2	0
1	283514_0_5	0
1	263295_0_14	0
1	41711_6_3	1
1	392467_1_3	0
1	98788_0_5	0
1	170215_0_4	0
1	92725_0_5	1
1	290691_0_20	0
1	381597_0_8	1
1	349300_0_49	0
1	343157_0_4	1
1	98315_0_10	0
1	337809_13_0	0
1	143037_0_1	1
1	365395_0_3	0
1	176859_0_12	0
1	92519_1_13	0
1	339240_0_3	0
1	512126_0_7	1
1	14228_0_15	1
1	108108_0_25	0
1	122276_2_2	0
1	99306_27_5	0
1	480804_0_28	0
1	235818_1_2	1
1	356256_0_21	1
1	195775_0_7	0
1	335404_0_8	0
1	415555_0_38	1
1	367668_0_0	0
1	246029_4_0	0
1	176701_15_24	0
1	98302_0_37	0
1	231755_0_64	1
1	492218_0_21	0
1	174707_1_2	0
1	318495_1_4	1
1	224614_0_24	1
1	341777_0_15	1
1	508831_0_9	1
1	327860_0_10	1
1	475663_0_2	0
1	374861_3_6	0
1	382834_0_84	0
1	232198_1_15	1
1	533738_0_17	0
1	321104_0_12	0
1	8370_0_1	0
1	16441_0_5	0
1	369946_4_4	0
1	212073_0_48	0
1	332277_0_3	0
1	98174_0_30	0
1	355880_0_7	0
1	459484_0_0	1
1	92130_0_4	1
1	420345_0_4	1
1	115912_0_1	0
1	222887_0_3	1
1	375312_3_8	0
1	518287_0_23	1
1	271681_2_7	0
1	98295_1_44	0
1	499416_1_18	1
1	93966_2_16	0
1	482459_0_12	0
1	547164_1_1	0
1	323333_0_9	1
1	520751_1_41	0
1	437857_1_22	0
1	510561_0_23	1
1	534164_0_29	1
1	56046_0_22	1
1	294319_0_16	1
1	150258_2_21	0
1	13767_0_7	0
1	219405_0_13	1
1	184739_0_1	1
1	98316_0_0	0
1	420300_0_9	1
1	498691_0_19	1
1	394319_0_1	0
1	516354_0_18	1
1	239293_0_0	0
1	526349_0_2	0
1	417535_0_28	0
1	434048_1_5	1
1	98699_1_37	0
1	106112_0_2	0
1	8073_0_2	1
1	544787_0_1	0
1	359947_0_48	0
1	363962_1_6	0
1	510931_0_27	1
1	479973_0_3	0
1	319560_1_16	0
1	196166_0_18	1
1	377593_0_7	1
1	493964_0_41	1
1	51366_0_28	1
1	431205_0_0	0
1	522502_0_1	1
1	204756_0_8	1
1	525514_0_11	0
1	465051_0_1	0
1	238076_0_5	1
1	338161_0_7	1
1	65192_0_5	0
1	197961_0_2	0
1	377226_1_9	0
1	140681_0_26	1
1	290517_1_26	0
1	323391_0_38	0
1	98714_0_0	0
1	18713_0_5	1
1	343862_0_23	1
1	225380_0_54	1
1	376535_0_4	0
1	1632_0_18	0
1	375255_2_17	0
1	228874_0_7	0
1	445313_0_13	1
1	171162_0_18	1
1	107558_5_3	0
1	159654_0_7	0
1	162930_1_9	0
1	352365_1_8	1
1	38397_2_9	0
1	130135_0_114	0
1	98136_0_21	0
1	532142_0_17	1
1	130634_0_9	0
1	57643_2_2	0
1	368171_0_17	1
1	531890_0_19	1
1	386252_0_44	1
1	193204_1_13	1
1	453728_0_15	1
1	4618_0_22	0
1	159551_0_2	1
1	296132_0_34	1
1	96519_13_2	0
1	146903_0_1	0
1	438163_0_11	1
1	279940_0_1	0
1	148611_1_22	0
1	345737_0_0	0
1	448209_1_47	1
1	264935_0_12	0
1	162338_0_31	1
1	489421_0_3	0
1	197672_0_17	1
1	99777_3_4	0
1	45263_0_12	0
1	412766_1_14	0
1	522794_0_30	1
1	21919_0_4	0
1	411723_0_3	1
1	93967_1_6	1
1	381419_0_1	0
1	39196_1_2	1
1	108028_1_31	0
1	540395_0_19	1
1	116343_0_0	0
1	421551_0_9	0
1	523670_1_0	0
1	100616_0_15	0
1	278364_2_18	1
1	409075_0_0	1
1	124775_2_7	0
1	502607_0_35	0
1	472731_0_0	1
1	461245_0_1	0
1	67588_0_12	0
1	507024_0_9	1
1	396096_0_7	1
1	14240_0_10	1
1	182847_7_4	1
1	98226_0_95	0
1	96052_0_10	1
1	307297_0_8	1
1	98277_0_77	0
1	528048_0_13	1
1	459379_0_52	1
1	389128_11_10	0
1	515426_0_13	0
1	501406_0_9	0
1	332958_0_32	1
1	98147_0_10	0
1	232449_0_0	0
1	494431_0_2	0
1	203718_0_25	0
1	188883_0_21	0
1	533918_0_3	1
1	266395_1_18	0
1	314212_0_80	0
1	538412_0_5	1
1	43507_0_18	1
1	529078_0_4	0
1	527191_0_41	0
1	217607_0_0	0
1	535115_0_3	1
1	229566_0_29	1
1	278411_0_1	1
1	138473_0_19	1
1	505345_0_62	0
1	82077_0_23	0
1	506491_0_10	0
1	351490_0_6	1
1	542812_0_2	0
1	317187_0_9	1
1	98365_0_3	0
1	478141_1_4	1
1	324164_0_19	0
1	459350_0_24	1
1	405777_0_11	0
1	142882_0_1	0
1	448306_1_7	0
1	407303_9_24	0
1	303792_0_2	0
1	45219_1_3	1
1	279900_2_2	1
1	539872_0_1	0
1	294470_0_9	1
1	91614_0_18	0
1	271901_0_16	1
1	546962_0_9	0
1	451517_0_16	1
1	508417_0_2	1
1	339091_0_18	0
1	545004_0_0	0
1	47029_0_23	0
1	166926_0_0	0
1	472394_0_10	1
1	379383_0_5	1
1	225887_1_1	0
1	185505_4_14	1
1	323388_0_6	1
1	237469_0_7	0
1	246066_0_1	1
1	207837_0_13	0
1	547164_0_1	0
1	498922_0_21	0
1	251275_0_3	0
1	501366_0_6	1
1	476786_0_17	1
1	89596_0_2	1
1	156170_5_1	0
1	466652_0_0	0
1	276016_1_20	1
1	289372_0_20	0
1	541571_0_12	0
1	66545_0_2	0
1	483374_0_23	0
1	533779_0_2	0
1	98277_0_12	0
1	520651_0_10	0
1	16122_0_12	0
1	377547_1_5	1
1	323358_0_19	0
1	207808_0_2	0
1	467457_1_1	0
1	445010_0_2	1
1	438063_0_6	0
1	302924_0_3	0
1	533371_0_1	0
1	302785_0_77	0
1	196166_0_1	1
1	53456_0_36	1
1	149224_1_3	0
1	98412_0_4	0
1	415594_0_6	1
1	297122_0_16	1
1	537636_0_15	1
1	258578_0_4	1
1	239162_1_11	0
1	356145_0_24	1
1	321671_0_2	0
1	410987_0_11	1
1	202752_31_0	0
1	108353_0_3	0
1	505682_0_47	0
1	20359_0_10	1
1	68784_1_8	0
1	529933_0_55	0
1	108341_0_15	0
1	140681_0_65	0
1	280425_0_11	0
1	298834_0_20	1
1	546600_0_2	0
1	34732_1_2	0
1	380961_4_10	0
1	550000_0_9	1
1	524150_0_2	0
1	520991_0_6	0
1	98277_0_69	0
1	303126_0_26	1
1	494535_0_27	0
1	338847_0_1	0
1	542751_0_7	0
1	368618_0_9	1
1	98381_0_13	0
1	518315_0_9	0
1	93966_1_15	0
1	530580_0_2	0
1	249877_0_3	0
1	343519_0_6	1
1	209956_0_6	1
1	490037_0_3	1
1	292225_0_6	0
1	245638_0_20	0
1	239162_1_18	1
1	114156_1_34	0
1	100421_0_3	1
1	98733_0_31	0
1	402793_3_3	1
1	445371_0_12	0
1	425973_0_9	0
1	97306_0_1	0
1	414497_0_1	0
1	546800_1_2	0
1	118136_4_6	0
1	118570_0_2	0
1	299820_1_4	0
1	508064_0_22	0
1	927_0_4	0
1	542750_0_3	0
1	35379_0_0	0
1	98187_0_2	0
1	205530_0_2	1
1	62663_0_34	0
1	355736_0_8	0
1	319918_2_16	0
1	248520_0_0	0
1	417144_0_13	0
1	15335_0_76	0
1	368652_0_4	0
1	98817_5_23	0
1	98878_0_7	0
1	402844_0_3	1
1	137431_2_27	0
1	490261_0_25	0
1	453887_2_9	0
1	391067_0_0	0
1	346985_9_11	0
1	127916_2_3	0
1	84130_0_4	0
1	210202_0_1	1
1	301775_0_19	1
1	205730_0_1	1
1	471587_0_21	0
1	98086_0_19	0
1	110961_4_18	0
1	361138_0_6	0
1	8463_0_19	0
1	80299_3_0	0
1	239241_11_13	0
1	301757_0_21	1
1	145166_1_27	0
1	428150_0_14	1
1	501069_0_23	1
1	231354_0_2	1
1	1619_6_31	0
1	98817_1_12	0
1	28592_0_19	0
1	473150_0_5	0
1	401439_1_0	0
1	98760_0_32	0
1	243007_1_38	0
1	469879_0_1	1
1	98416_0_8	0
1	98609_1_10	0
1	98295_9_15	0
1	177654_4_2	0
1	499562_0_16	0
1	431292_0_17	1
1	286482_0_109	0
1	439944_0_1	0
1	259963_0_10	0
1	245742_1_34	1
1	430446_0_8	0
1	401905_0_6	0
1	410342_0_8	0
1	494249_0_23	1
1	505211_0_20	1
1	362535_3_0	1
1	490687_3_21	1
1	77141_0_4	0
1	55078_2_64	0
1	334940_1_4	1
1	143191_0_13	1
1	523746_0_39	1
1	131452_0_28	1
1	65841_48_1	0
1	389927_0_1	1
1	164687_0_9	1
1	371633_3_3	0
1	4896_0_0	0
1	76472_0_12	0
1	515467_0_2	0
1	358669_1_4	0
1	229413_0_1	0
1	116776_2_23	1
1	496344_0_25	1
1	539400_0_3	0
1	444627_0_29	1
1	36245_0_0	0
1	61846_0_1	0
1	528381_1_9	0
1	497413_0_19	0
1	90223_0_1	1
1	66780_0_15	0
1	106354_0_3	0
1	79148_0_0	0
1	136581_0_1	0
1	486376_0_0	0
1	91882_0_4	0
1	425054_0_38	1
1	319918_2_1	1
1	447537_0_13	1
1	519939_0_1	0
1	452908_0_27	0
1	459569_0_16	0
1	504443_0_16	0
1	546856_3_5	0
1	462068_0_0	0
1	258784_0_4	0
1	256169_0_7	0
1	268819_0_1	0
1	83794_1_44	0
1	68382_0_22	1
1	285816_1_9	0
1	468761_0_12	0
1	435781_0_10	0
1	51729_0_1	1
1	511446_0_2	1
1	394943_7_44	0
1	3917_0_9	0
1	115917_0_23	0
1	379721_0_1	0
1	525319_0_5	1
1	49659_24_11	0
1	352365_0_6	1
1	143357_9_15	1
1	441208_0_3	1
1	169237_5_5	0
1	230286_0_18	0
1	386509_0_38	1
1	460441_0_24	0
1	437673_0_12	1
1	249304_0_32	1
1	107656_0_6	0
1	498568_0_17	1
1	35840_0_27	1
1	104492_1_10	0
1	437768_0_28	0
1	217699_0_0	0
1	356068_0_3	0
1	416561_0_1	1
1	98174_0_21	0
1	204199_0_12	0
1	98306_0_8	0
1	496089_0_4	1
1	20359_0_14	0
1	210398_0_3	1
1	253340_0_1	0
1	16280_0_0	0
1	379541_0_0	0
1	18713_0_18	1
1	312447_0_40	0
1	98362_1_9	0
1	423320_0_26	0
1	73690_0_26	1
1	332121_0_13	1
1	486257_0_28	0
1	486094_2_0	0
1	57052_0_12	1
1	325265_0_5	0
1	247673_0_4	0
1	453351_1_1	1
1	142828_0_3	1
1	253861_4_0	0
1	93967_0_6	1
1	287152_1_2	0
1	438780_0_40	0
1	415579_0_2	0
1	239540_0_4	0
1	527920_0_13	0
1	286906_0_43	0
1	98687_0_1	0
1	149692_0_15	0
1	345249_3_10	0
1	156674_0_2	0
1	514857_0_38	1
1	497505_0_15	0
1	188462_2_32	1
1	325864_0_23	0
1	121385_0_0	0
1	3648_0_5	0
1	382257_30_11	0
1	460441_0_23	1
1	20642_1_1	0
1	37189_0_2	0
1	501115_0_12	0
1	513369_0_48	0
1	254268_0_15	0
1	504680_0_13	0
1	277002_4_16	0
1	98714_0_12	0
1	282508_3_0	0
1	353176_0_12	0
1	499522_0_14	1
1	84757_0_20	0
1	324382_1_1	0
1	209009_0_6	0
1	393187_0_6	1
1	307381_9_0	0
1	1705_0_25	1
1	435079_1_98	0
1	378160_0_30	0
1	7217_0_2	0
1	19762_0_3	0
1	316594_0_19	1
1	492378_0_25	0
1	73401_0_5	1
1	120317_1_31	1
1	518146_0_1	1
1	436618_0_10	0
1	406657_0_36	0
1	529383_0_54	1
1	297850_0_1	0
1	350925_0_3	0
1	459052_1_21	1
1	430752_0_21	0
1	528646_0_27	1
1	530294_0_20	0
1	302800_0_6	0
1	227686_0_8	0
1	294478_0_36	0
1	183649_1_4	0
1	463268_2_1	1
1	365206_0_0	0
1	113928_6_4	0
1	102919_16_19	0
1	489560_0_27	0
1	437979_0_5	0
1	278756_0_37	0
1	475077_1_2	0
1	352948_0_5	0
1	98883_0_18	0
1	28045_0_20	0
1	372910_0_7	0
1	330840_0_28	1
1	358042_0_6	1
1	241461_0_40	0
1	35621_1_3	1
1	230210_2_25	0
1	138581_0_3	1
1	403423_0_22	1
1	440514_0_5	0
1	145916_0_6	0
1	206716_0_3	1
1	251639_1_28	0
1	125551_0_31	1
1	2025_0_2	0
1	493418_0_3	1
1	106642_0_1	0
1	473973_0_3	0
1	444957_0_6	0
1	253179_0_0	0
1	547563_0_1	1
1	352764_0_25	0
1	547686_0_24	0
1	113188_2_23	1
1	88458_8_4	1
1	176393_2_33	0
1	272083_0_14	0
1	48164_7_64	0
1	143035_3_1	0
1	268592_13_11	0
1	547424_0_5	1
1	268443_0_15	0
1	414145_0_19	0
1	280849_0_11	0
1	117866_0_4	1
1	169901_0_22	0
1	252882_0_10	0
1	343981_0_5	0
1	264363_0_14	1
1	85909_2_69	0
1	526202_0_0	0
1	220938_1_2	0
1	211894_0_10	0
1	313113_0_16	0
1	491932_0_6	0
1	62929_0_13	1
1	509734_0_33	1
1	205730_0_16	1
1	98453_0_16	0
1	159500_4_9	1
1	268115_0_3	1
1	213089_3_10	0
1	383039_3_47	0
1	98918_0_2	0
1	305789_46_0	0
1	496773_0_47	0
1	27009_1_7	0
1	86990_0_0	0
1	538905_1_5	1
1	236761_0_5	1
1	98878_0_29	0
1	441745_2_4	0
1	510792_0_8	0
1	195764_0_63	0
1	371752_1_4	0
1	76833_1_2	0
1	262146_1_1	0
1	424366_0_20	1
1	504478_0_2	1
1	504821_0_11	1
1	194873_0_10	1
1	275558_0_38	0
1	529859_0_7	1
1	365206_0_9	0
1	511988_0_21	1
1	386500_0_14	0
1	498975_0_0	0
1	176738_1_23	0
1	74376_0_3	0
1	451643_0_32	0
1	201717_0_2	1
1	383517_0_98	0
1	98474_0_3	0
1	464772_0_2	0
1	15366_0_18	0
1	121965_0_7	0
1	374402_0_12	0
1	352948_0_16	0
1	163587_0_24	0
1	362340_3_6	0
1	219272_0_60	0
1	98812_0_24	0
1	525196_0_1	0
1	473997_1_1	0
1	272500_1_2	0
1	535149_0_29	1
1	388682_0_50	0
1	62929_0_17	1
1	157725_0_11	0
1	414814_0_24	0
1	452815_0_2	0
1	395272_0_7	0
1	518262_0_0	1
1	350689_0_8	0
1	381596_0_1	1
1	518287_0_19	1
1	297844_1_0	0
1	499379_0_14	1
1	353782_7_16	0
1	354681_0_2	0
1	431268_0_4	0
1	514196_0_13	0
1	257048_1_2	0
1	424105_0_29	0
1	266800_0_10	0
1	474095_0_4	0
1	138909_0_5	1
1	511499_0_7	0
1	186327_0_16	1
1	497396_0_17	1
1	475663_1_0	0
1	497177_0_30	1
1	174707_0_2	1
1	302359_0_1	1
1	10827_0_16	0
1	438881_0_37	0
1	214177_0_4	1
1	123456_0_12	1
1	377547_0_5	1
1	59297_0_8	0
1	420164_0_41	0
1	404286_0_8	0
1	98878_0_9	0
1	536776_0_38	0
1	98847_0_4	0
1	98474_0_6	0
1	168629_5_1	0
1	522239_0_13	1
1	158483_0_28	0
1	175640_0_5	1
1	417168_0_4	1
1	136567_0_6	1
1	401281_0_13	0
1	469311_0_6	1
1	415589_0_14	1
1	39668_4_2	0
1	320705_0_21	1
1	12294_0_5	1
1	18901_0_2	0
1	482990_0_7	1
1	514364_0_11	1
1	90979_0_55	1
1	190400_0_0	0
1	353397_0_37	0
1	510086_0_8	1
1	281758_0_28	1
1	497396_0_3	1
1	547563_1_1	0
1	341777_0_13	0
1	210092_0_8	0
1	370160_0_14	0
1	403057_0_4	0
1	513291_0_19	1
1	209115_0_20	0
1	391047_1_85	0
1	142587_0_0	1
1	353307_0_9	0
1	494287_0_78	1
1	424974_32_17	0
1	207331_0_10	0
1	375850_0_0	0
1	332181_0_1	0
1	126558_0_43	0
1	98920_1_12	0
1	117616_1_8	0
1	368308_0_14	1
1	91732_0_14	1
1	98678_0_5	0
1	430666_0_1	1
1	527115_0_10	1
1	53416_0_45	0
1	98429_0_10	0
1	100451_0_5	1
1	210131_0_0	0
1	184864_0_10	1
1	385174_0_39	1
1	529334_1_22	1
1	322015_0_16	1
1	98127_0_3	0
1	115097_0_8	0
1	415589_1_14	1
1	385138_0_6	0
1	117648_0_1	0
1	367144_0_2	0
1	503493_0_11	0
1	260797_0_3	0
1	522271_0_3	0
1	459052_1_4	1
1	113188_2_20	1
1	98022_0_45	1
1	511260_0_22	1
1	84109_1_0	1
1	498801_0_41	1
1	368803_0_0	0
1	498561_1_6	0
1	73200_0_23	0
1	269858_0_5	0
1	313989_1_13	0
1	189040_1_0	0
1	42910_0_36	1
1	274598_0_1	0
1	61054_0_0	0
1	444989_0_9	0
1	98699_0_9	0
1	98854_4_12	0
1	389515_0_2	1
1	274421_0_4	0
1	504741_0_4	0
1	111370_0_9	0
1	256730_0_0	0
1	148940_0_11	0
1	97408_0_16	1
1	242301_0_12	1
1	319918_0_20	0
1	327152_0_26	1
1	464509_12_29	1
1	126697_0_20	1
1	414234_1_9	0
2	253909_0_14	0
2	289452_0_23	1
2	484956_0_1	1
2	523857_6_5	0
2	328004_4_34	0
2	166202_1_14	1
2	45263_0_29	0
2	513291_0_1	1
2	459581_0_0	1
2	287702_0_33	1
2	165198_1_18	0
2	213388_0_4	1
2	71512_0_12	0
2	4212_0_7	0
2	430310_0_11	0
2	419586_1_20	0
2	276305_1_8	1
2	237167_0_29	1
2	271759_0_3	0
2	250861_0_12	1
2	98705_0_29	0
2	271752_0_10	0
2	336907_1_11	0
2	36866_1_37	1
2	459571_0_8	0
2	239363_0_2	0
2	492215_0_9	0
2	379293_2_2	0
2	515136_2_33	1
2	442346_0_34	0
2	175655_0_0	0
2	546998_0_18	1
2	411866_0_14	1
2	275982_0_8	0
2	1084_0_16	1
2	57519_0_15	1
2	315536_0_12	0
2	425625_0_1	0
2	207744_0_37	1
2	223496_3_7	0
2	548295_0_1	1
2	264881_0_4	0
2	441776_0_16	1
2	515037_0_5	1
2	354015_0_3	0
2	98596_0_9	0
2	275527_17_0	0
2	512690_0_14	1
2	8151_0_37	1
2	347065_8_31	0
2	207331_0_9	1
2	495739_0_16	0
2	98376_0_4	0
2	49393_0_2	0
2	304099_0_5	1
2	21595_0_3	1
2	139058_0_10	0
2	539311_2_16	0
2	258799_0_10	0
2	495886_1_2	1
2	43795_0_52	1
2	439459_0_41	1
2	338272_0_0	0
2	443294_0_1	1
2	401592_0_7	0
2	286095_7_6	0
2	532160_0_19	0
2	529121_0_8	0
2	495054_0_2	0
2	283514_0_5	0
2	263295_0_14	0
2	41711_6_3	1
2	392467_1_3	0
2	98788_0_5	0
2	170215_0_4	0
2	92725_0_5	1
2	290691_0_20	0
2	381597_0_8	1
2	349300_0_49	0
2	343157_0_4	1
2	98315_0_10	0
2	337809_13_0	0
2	143037_0_1	1
2	365395_0_3	0
2	176859_0_12	0
2	92519_1_13	0
2	339240_0_3	0
2	512126_0_7	1
2	14228_0_15	1
2	108108_0_25	0
2	122276_2_2	0
2	99306_27_5	0
2	480804_0_28	0
2	235818_1_2	1
2	356256_0_21	1
2	195775_0_7	0
2	335404_0_8	0
2	415555_0_38	1
2	367668_0_0	0
2	246029_4_0	0
2	176701_15_24	0
2	98302_0_37	0
2	231755_0_64	1
2	492218_0_21	0
2	174707_1_2	0
2	318495_1_4	1
2	224614_0_24	1
2	341777_0_15	1
2	508831_0_9	1
2	327860_0_10	1
2	475663_0_2	0
2	374861_3_6	0
2	382834_0_84	0
2	232198_1_15	1
2	533738_0_17	0
2	321104_0_12	0
2	8370_0_1	0
2	16441_0_5	0
2	369946_4_4	0
2	212073_0_48	0
2	332277_0_3	0
2	98174_0_30	0
2	355880_0_7	0
2	459484_0_0	1
2	92130_0_4	1
2	420345_0_4	1
2	115912_0_1	0
2	222887_0_3	1
2	375312_3_8	0
2	518287_0_23	1
2	271681_2_7	0
2	98295_1_44	0
2	499416_1_18	1
2	93966_2_16	0
2	482459_0_12	0
2	547164_1_1	0
2	323333_0_9	1
2	520751_1_41	0
2	437857_1_22	0
2	510561_0_23	1
2	534164_0_29	1
2	56046_0_22	1
2	294319_0_16	1
2	150258_2_21	0
2	13767_0_7	0
2	219405_0_13	1
2	184739_0_1	1
2	98316_0_0	0
2	420300_0_9	1
2	498691_0_19	1
2	394319_0_1	0
2	516354_0_18	1
2	239293_0_0	0
2	526349_0_2	0
2	417535_0_28	0
2	434048_1_5	1
2	98699_1_37	0
2	106112_0_2	0
2	8073_0_2	1
2	544787_0_1	0
2	359947_0_48	0
2	363962_1_6	0
2	510931_0_27	1
2	479973_0_3	0
2	319560_1_16	0
2	196166_0_18	1
2	377593_0_7	1
2	493964_0_41	1
2	51366_0_28	1
2	431205_0_0	0
2	522502_0_1	1
2	204756_0_8	1
2	525514_0_11	0
2	465051_0_1	0
2	238076_0_5	1
2	338161_0_7	1
2	65192_0_5	0
2	197961_0_2	0
2	377226_1_9	0
2	140681_0_26	1
2	290517_1_26	0
2	323391_0_38	0
2	98714_0_0	0
2	18713_0_5	1
2	343862_0_23	1
2	225380_0_54	1
2	376535_0_4	0
2	1632_0_18	0
2	375255_2_17	0
2	228874_0_7	0
2	445313_0_13	1
2	171162_0_18	1
2	107558_5_3	0
2	159654_0_7	0
2	162930_1_9	0
2	352365_1_8	1
2	38397_2_9	0
2	130135_0_114	0
2	98136_0_21	0
2	532142_0_17	1
2	130634_0_9	0
2	57643_2_2	0
2	368171_0_17	1
2	531890_0_19	1
2	386252_0_44	1
2	193204_1_13	1
2	453728_0_15	1
2	4618_0_22	0
2	159551_0_2	1
2	296132_0_34	1
2	96519_13_2	0
2	146903_0_1	0
2	438163_0_11	1
2	279940_0_1	0
2	148611_1_22	0
2	345737_0_0	0
2	448209_1_47	1
2	264935_0_12	0
2	162338_0_31	1
2	489421_0_3	0
2	197672_0_17	1
2	99777_3_4	0
2	45263_0_12	0
2	412766_1_14	0
2	522794_0_30	1
2	21919_0_4	0
2	411723_0_3	1
2	93967_1_6	1
2	381419_0_1	0
2	39196_1_2	1
2	108028_1_31	0
2	540395_0_19	1
2	116343_0_0	0
2	421551_0_9	0
2	523670_1_0	0
2	100616_0_15	0
2	278364_2_18	1
2	409075_0_0	1
2	124775_2_7	0
2	502607_0_35	0
2	472731_0_0	1
2	461245_0_1	0
2	67588_0_12	0
2	507024_0_9	1
2	396096_0_7	1
2	14240_0_10	1
2	182847_7_4	1
2	98226_0_95	0
2	96052_0_10	1
2	307297_0_8	1
2	98277_0_77	0
2	528048_0_13	1
2	459379_0_52	1
2	389128_11_10	0
2	515426_0_13	0
2	501406_0_9	0
2	332958_0_32	1
2	98147_0_10	0
2	232449_0_0	0
2	494431_0_2	0
2	203718_0_25	0
2	188883_0_21	0
2	533918_0_3	1
2	266395_1_18	0
2	314212_0_80	0
2	538412_0_5	1
2	43507_0_18	1
2	529078_0_4	0
2	527191_0_41	0
2	217607_0_0	0
2	535115_0_3	1
2	229566_0_29	1
2	278411_0_1	1
2	138473_0_19	1
2	505345_0_62	0
2	82077_0_23	0
2	506491_0_10	0
2	351490_0_6	1
2	542812_0_2	0
2	317187_0_9	1
2	98365_0_3	0
2	478141_1_4	1
2	324164_0_19	0
2	459350_0_24	1
2	405777_0_11	0
2	142882_0_1	0
2	448306_1_7	0
2	407303_9_24	0
2	303792_0_2	0
2	45219_1_3	1
2	279900_2_2	1
2	539872_0_1	0
2	294470_0_9	1
2	91614_0_18	0
2	271901_0_16	1
2	546962_0_9	0
2	451517_0_16	1
2	508417_0_2	1
2	339091_0_18	0
2	545004_0_0	0
2	47029_0_23	0
2	166926_0_0	0
2	472394_0_10	1
2	379383_0_5	1
2	225887_1_1	0
2	185505_4_14	1
2	323388_0_6	1
2	237469_0_7	0
2	246066_0_1	1
2	207837_0_13	0
2	547164_0_1	0
2	498922_0_21	0
2	251275_0_3	0
2	501366_0_6	1
2	476786_0_17	1
2	89596_0_2	1
2	156170_5_1	0
2	466652_0_0	0
2	276016_1_20	1
2	289372_0_20	0
2	541571_0_12	0
2	66545_0_2	0
2	483374_0_23	0
2	533779_0_2	0
2	98277_0_12	0
2	520651_0_10	0
2	16122_0_12	0
2	377547_1_5	1
2	323358_0_19	0
2	207808_0_2	0
2	467457_1_1	0
2	445010_0_2	1
2	438063_0_6	0
2	302924_0_3	0
2	533371_0_1	0
2	302785_0_77	0
2	196166_0_1	1
2	53456_0_36	1
2	149224_1_3	0
2	98412_0_4	0
2	415594_0_6	1
2	297122_0_16	1
2	537636_0_15	1
2	258578_0_4	1
2	239162_1_11	0
2	356145_0_24	1
2	321671_0_2	0
2	410987_0_11	1
2	202752_31_0	0
2	108353_0_3	0
2	505682_0_47	0
2	20359_0_10	1
2	68784_1_8	0
2	529933_0_55	0
2	108341_0_15	0
2	140681_0_65	0
2	280425_0_11	0
2	298834_0_20	1
2	546600_0_2	0
2	34732_1_2	0
2	380961_4_10	0
2	550000_0_9	1
2	524150_0_2	0
2	520991_0_6	0
2	98277_0_69	0
2	303126_0_26	1
2	494535_0_27	0
2	338847_0_1	0
2	542751_0_7	0
2	368618_0_9	1
2	98381_0_13	0
2	518315_0_9	0
2	93966_1_15	0
2	530580_0_2	0
2	249877_0_3	0
2	343519_0_6	1
2	209956_0_6	1
2	490037_0_3	1
2	292225_0_6	0
2	245638_0_20	0
2	239162_1_18	1
2	114156_1_34	0
2	100421_0_3	1
2	98733_0_31	0
2	402793_3_3	1
2	445371_0_12	0
2	425973_0_9	0
2	97306_0_1	0
2	414497_0_1	0
2	546800_1_2	0
2	118136_4_6	0
2	118570_0_2	0
2	299820_1_4	0
2	508064_0_22	0
2	927_0_4	0
2	542750_0_3	0
2	35379_0_0	0
2	98187_0_2	0
2	205530_0_2	1
2	62663_0_34	0
2	355736_0_8	0
2	319918_2_16	0
2	248520_0_0	0
2	417144_0_13	0
2	15335_0_76	0
2	368652_0_4	0
2	98817_5_23	0
2	98878_0_7	0
2	402844_0_3	1
2	137431_2_27	0
2	490261_0_25	0
2	453887_2_9	0
2	391067_0_0	0
2	346985_9_11	0
2	127916_2_3	0
2	84130_0_4	0
2	210202_0_1	1
2	301775_0_19	1
2	205730_0_1	1
2	471587_0_21	0
2	98086_0_19	0
2	110961_4_18	0
2	361138_0_6	0
2	8463_0_19	0
2	80299_3_0	0
2	239241_11_13	0
2	301757_0_21	1
2	145166_1_27	0
2	428150_0_14	1
2	501069_0_23	1
2	231354_0_2	1
2	1619_6_31	0
2	98817_1_12	0
2	28592_0_19	0
2	473150_0_5	0
2	401439_1_0	0
2	98760_0_32	0
2	243007_1_38	0
2	469879_0_1	1
2	98416_0_8	0
2	98609_1_10	0
2	98295_9_15	0
2	177654_4_2	0
2	499562_0_16	0
2	431292_0_17	1
2	286482_0_109	0
2	439944_0_1	0
2	259963_0_10	0
2	245742_1_34	1
2	430446_0_8	0
2	401905_0_6	0
2	410342_0_8	0
2	494249_0_23	1
2	505211_0_20	1
2	362535_3_0	1
2	490687_3_21	1
2	77141_0_4	0
2	55078_2_64	0
2	334940_1_4	1
2	143191_0_13	1
2	523746_0_39	1
2	131452_0_28	1
2	65841_48_1	0
2	389927_0_1	1
2	164687_0_9	1
2	371633_3_3	0
2	4896_0_0	0
2	76472_0_12	0
2	515467_0_2	0
2	358669_1_4	0
2	229413_0_1	0
2	116776_2_23	1
2	496344_0_25	1
2	539400_0_3	0
2	444627_0_29	1
2	36245_0_0	0
2	61846_0_1	0
2	528381_1_9	0
2	497413_0_19	0
2	90223_0_1	1
2	66780_0_15	0
2	106354_0_3	0
2	79148_0_0	0
2	136581_0_1	0
2	486376_0_0	0
2	91882_0_4	0
2	425054_0_38	1
2	319918_2_1	1
2	447537_0_13	1
2	519939_0_1	0
2	452908_0_27	0
2	459569_0_16	0
2	504443_0_16	0
2	546856_3_5	0
2	462068_0_0	0
2	258784_0_4	0
2	256169_0_7	0
2	268819_0_1	0
2	83794_1_44	0
2	68382_0_22	1
2	285816_1_9	0
2	468761_0_12	0
2	435781_0_10	0
2	51729_0_1	1
2	511446_0_2	1
2	394943_7_44	0
2	3917_0_9	0
2	115917_0_23	0
2	379721_0_1	0
2	525319_0_5	1
2	49659_24_11	0
2	352365_0_6	1
2	143357_9_15	1
2	441208_0_3	1
2	169237_5_5	0
2	230286_0_18	0
2	386509_0_38	1
2	460441_0_24	0
2	437673_0_12	1
2	249304_0_32	1
2	107656_0_6	0
2	498568_0_17	1
2	35840_0_27	1
2	104492_1_10	0
2	437768_0_28	0
2	217699_0_0	0
2	356068_0_3	0
2	416561_0_1	1
2	98174_0_21	0
2	204199_0_12	0
2	98306_0_8	0
2	496089_0_4	1
2	20359_0_14	0
2	210398_0_3	1
2	253340_0_1	0
2	16280_0_0	0
2	379541_0_0	0
2	18713_0_18	1
2	312447_0_40	0
2	98362_1_9	0
2	423320_0_26	0
2	73690_0_26	1
2	332121_0_13	1
2	486257_0_28	0
2	486094_2_0	0
2	57052_0_12	1
2	325265_0_5	0
2	247673_0_4	0
2	453351_1_1	1
2	142828_0_3	1
2	253861_4_0	0
2	93967_0_6	1
2	287152_1_2	0
2	438780_0_40	0
2	415579_0_2	0
2	239540_0_4	0
2	527920_0_13	0
2	286906_0_43	0
2	98687_0_1	0
2	149692_0_15	0
2	345249_3_10	0
2	156674_0_2	0
2	514857_0_38	1
2	497505_0_15	0
2	188462_2_32	1
2	325864_0_23	0
2	121385_0_0	0
2	3648_0_5	0
2	382257_30_11	0
2	460441_0_23	1
2	20642_1_1	0
2	37189_0_2	0
2	501115_0_12	0
2	513369_0_48	0
2	254268_0_15	0
2	504680_0_13	0
2	277002_4_16	0
2	98714_0_12	0
2	282508_3_0	0
2	353176_0_12	0
2	499522_0_14	1
2	84757_0_20	0
2	324382_1_1	0
2	209009_0_6	0
2	393187_0_6	1
2	307381_9_0	0
2	1705_0_25	1
2	435079_1_98	0
2	378160_0_30	0
2	7217_0_2	0
2	19762_0_3	0
2	316594_0_19	1
2	492378_0_25	0
2	73401_0_5	1
2	120317_1_31	1
2	518146_0_1	1
2	436618_0_10	0
2	406657_0_36	0
2	529383_0_54	1
2	297850_0_1	0
2	350925_0_3	0
2	459052_1_21	1
2	430752_0_21	0
2	528646_0_27	1
2	530294_0_20	0
2	302800_0_6	0
2	227686_0_8	0
2	294478_0_36	0
2	183649_1_4	0
2	463268_2_1	1
2	365206_0_0	0
2	113928_6_4	0
2	102919_16_19	0
2	489560_0_27	0
2	437979_0_5	0
2	278756_0_37	0
2	475077_1_2	0
2	352948_0_5	0
2	98883_0_18	0
2	28045_0_20	0
2	372910_0_7	0
2	330840_0_28	1
2	358042_0_6	1
2	241461_0_40	0
2	35621_1_3	1
2	230210_2_25	0
2	138581_0_3	1
2	403423_0_22	1
2	440514_0_5	0
2	145916_0_6	0
2	206716_0_3	1
2	251639_1_28	0
2	125551_0_31	1
2	2025_0_2	0
2	493418_0_3	1
2	106642_0_1	0
2	473973_0_3	0
2	444957_0_6	0
2	253179_0_0	0
2	547563_0_1	1
2	352764_0_25	0
2	547686_0_24	0
2	113188_2_23	1
2	88458_8_4	1
2	176393_2_33	0
2	272083_0_14	0
2	48164_7_64	0
2	143035_3_1	0
2	268592_13_11	0
2	547424_0_5	1
2	268443_0_15	0
2	414145_0_19	0
2	280849_0_11	0
2	117866_0_4	1
2	169901_0_22	0
2	252882_0_10	0
2	343981_0_5	0
2	264363_0_14	1
2	85909_2_69	0
2	526202_0_0	0
2	220938_1_2	0
2	211894_0_10	0
2	313113_0_16	0
2	491932_0_6	0
2	62929_0_13	1
2	509734_0_33	1
2	205730_0_16	1
2	98453_0_16	0
2	159500_4_9	1
2	268115_0_3	1
2	213089_3_10	0
2	383039_3_47	0
2	98918_0_2	0
2	305789_46_0	0
2	496773_0_47	0
2	27009_1_7	0
2	86990_0_0	0
2	538905_1_5	1
2	236761_0_5	1
2	98878_0_29	0
2	441745_2_4	0
2	510792_0_8	0
2	195764_0_63	0
2	371752_1_4	0
2	76833_1_2	0
2	262146_1_1	0
2	424366_0_20	1
2	504478_0_2	1
2	504821_0_11	1
2	194873_0_10	1
2	275558_0_38	0
2	529859_0_7	1
2	365206_0_9	0
2	511988_0_21	1
2	386500_0_14	0
2	498975_0_0	0
2	176738_1_23	0
2	74376_0_3	0
2	451643_0_32	0
2	201717_0_2	1
2	383517_0_98	0
2	98474_0_3	0
2	464772_0_2	0
2	15366_0_18	0
2	121965_0_7	0
2	374402_0_12	0
2	352948_0_16	0
2	163587_0_24	0
2	362340_3_6	0
2	219272_0_60	0
2	98812_0_24	0
2	525196_0_1	0
2	473997_1_1	0
2	272500_1_2	0
2	535149_0_29	1
2	388682_0_50	0
2	62929_0_17	1
2	157725_0_11	0
2	414814_0_24	0
2	452815_0_2	0
2	395272_0_7	0
2	518262_0_0	1
2	350689_0_8	0
2	381596_0_1	1
2	518287_0_19	1
2	297844_1_0	0
2	499379_0_14	1
2	353782_7_16	0
2	354681_0_2	0
2	431268_0_4	0
2	514196_0_13	0
2	257048_1_2	0
2	424105_0_29	0
2	266800_0_10	0
2	474095_0_4	0
2	138909_0_5	1
2	511499_0_7	0
2	186327_0_16	1
2	497396_0_17	1
2	475663_1_0	0
2	497177_0_30	1
2	174707_0_2	1
2	302359_0_1	1
2	10827_0_16	0
2	438881_0_37	0
2	214177_0_4	1
2	123456_0_12	1
2	377547_0_5	1
2	59297_0_8	0
2	420164_0_41	0
2	404286_0_8	0
2	98878_0_9	0
2	536776_0_38	0
2	98847_0_4	0
2	98474_0_6	0
2	168629_5_1	0
2	522239_0_13	1
2	158483_0_28	0
2	175640_0_5	1
2	417168_0_4	1
2	136567_0_6	1
2	401281_0_13	0
2	469311_0_6	1
2	415589_0_14	1
2	39668_4_2	0
2	320705_0_21	1
2	12294_0_5	1
2	18901_0_2	0
2	482990_0_7	1
2	514364_0_11	1
2	90979_0_55	1
2	190400_0_0	0
2	353397_0_37	0
2	510086_0_8	1
2	281758_0_28	1
2	497396_0_3	1
2	547563_1_1	0
2	341777_0_13	0
2	210092_0_8	0
2	370160_0_14	0
2	403057_0_4	0
2	513291_0_19	1
2	209115_0_20	0
2	391047_1_85	0
2	142587_0_0	1
2	353307_0_9	0
2	494287_0_78	1
2	424974_32_17	0
2	207331_0_10	0
2	375850_0_0	0
2	332181_0_1	0
2	126558_0_43	0
2	98920_1_12	0
2	117616_1_8	0
2	368308_0_14	1
2	91732_0_14	1
2	98678_0_5	0
2	430666_0_1	1
2	527115_0_10	1
2	53416_0_45	0
2	98429_0_10	0
2	100451_0_5	1
2	210131_0_0	0
2	184864_0_10	1
2	385174_0_39	1
2	529334_1_22	1
2	322015_0_16	1
2	98127_0_3	0
2	115097_0_8	0
2	415589_1_14	1
2	385138_0_6	0
2	117648_0_1	0
2	367144_0_2	0
2	503493_0_11	0
2	260797_0_3	0
2	522271_0_3	0
2	459052_1_4	1
2	113188_2_20	1
2	98022_0_45	1
2	511260_0_22	1
2	84109_1_0	1
2	498801_0_41	1
2	368803_0_0	0
2	498561_1_6	0
2	73200_0_23	0
2	269858_0_5	0
2	313989_1_13	0
2	189040_1_0	0
2	42910_0_36	1
2	274598_0_1	0
2	61054_0_0	0
2	444989_0_9	0
2	98699_0_9	0
2	98854_4_12	0
2	389515_0_2	1
2	274421_0_4	0
2	504741_0_4	0
2	111370_0_9	0
2	256730_0_0	0
2	148940_0_11	0
2	97408_0_16	1
2	242301_0_12	1
2	319918_0_20	0
2	327152_0_26	1
2	464509_12_29	1
2	126697_0_20	1
2	414234_1_9	0
3	253909_0_14	0
3	289452_0_23	1
3	484956_0_1	1
3	523857_6_5	0
3	328004_4_34	0
3	166202_1_14	1
3	45263_0_29	0
3	513291_0_1	1
3	459581_0_0	1
3	287702_0_33	1
3	165198_1_18	0
3	213388_0_4	1
3	71512_0_12	0
3	4212_0_7	0
3	430310_0_11	0
3	419586_1_20	0
3	276305_1_8	1
3	237167_0_29	1
3	271759_0_3	0
3	250861_0_12	1
3	98705_0_29	0
3	271752_0_10	0
3	336907_1_11	0
3	36866_1_37	1
3	459571_0_8	0
3	239363_0_2	0
3	492215_0_9	0
3	379293_2_2	0
3	515136_2_33	1
3	442346_0_34	0
3	175655_0_0	0
3	546998_0_18	1
3	411866_0_14	1
3	275982_0_8	0
3	1084_0_16	1
3	57519_0_15	1
3	315536_0_12	0
3	425625_0_1	0
3	207744_0_37	1
3	223496_3_7	0
3	548295_0_1	1
3	264881_0_4	0
3	441776_0_16	1
3	515037_0_5	1
3	354015_0_3	0
3	98596_0_9	0
3	275527_17_0	0
3	512690_0_14	1
3	8151_0_37	1
3	347065_8_31	0
3	207331_0_9	1
3	495739_0_16	0
3	98376_0_4	0
3	49393_0_2	0
3	304099_0_5	1
3	21595_0_3	1
3	139058_0_10	0
3	539311_2_16	0
3	258799_0_10	0
3	495886_1_2	1
3	43795_0_52	1
3	439459_0_41	1
3	338272_0_0	0
3	443294_0_1	1
3	401592_0_7	0
3	286095_7_6	0
3	532160_0_19	0
3	529121_0_8	0
3	495054_0_2	0
3	283514_0_5	0
3	263295_0_14	0
3	41711_6_3	1
3	392467_1_3	0
3	98788_0_5	0
3	170215_0_4	0
3	92725_0_5	1
3	290691_0_20	0
3	381597_0_8	1
3	349300_0_49	0
3	343157_0_4	1
3	98315_0_10	0
3	337809_13_0	0
3	143037_0_1	1
3	365395_0_3	0
3	176859_0_12	0
3	92519_1_13	0
3	339240_0_3	0
3	512126_0_7	1
3	14228_0_15	1
3	108108_0_25	0
3	122276_2_2	0
3	99306_27_5	0
3	480804_0_28	0
3	235818_1_2	1
3	356256_0_21	1
3	195775_0_7	0
3	335404_0_8	0
3	415555_0_38	1
3	367668_0_0	0
3	246029_4_0	0
3	176701_15_24	0
3	98302_0_37	0
3	231755_0_64	1
3	492218_0_21	0
3	174707_1_2	0
3	318495_1_4	1
3	224614_0_24	1
3	341777_0_15	1
3	508831_0_9	1
3	327860_0_10	1
3	475663_0_2	0
3	374861_3_6	0
3	382834_0_84	0
3	232198_1_15	1
3	533738_0_17	0
3	321104_0_12	0
3	8370_0_1	0
3	16441_0_5	0
3	369946_4_4	0
3	212073_0_48	0
3	332277_0_3	0
3	98174_0_30	0
3	355880_0_7	0
3	459484_0_0	1
3	92130_0_4	1
3	420345_0_4	1
3	115912_0_1	0
3	222887_0_3	1
3	375312_3_8	0
3	518287_0_23	1
3	271681_2_7	0
3	98295_1_44	0
3	499416_1_18	1
3	93966_2_16	0
3	482459_0_12	0
3	547164_1_1	0
3	323333_0_9	1
3	520751_1_41	0
3	437857_1_22	0
3	510561_0_23	1
3	534164_0_29	1
3	56046_0_22	1
3	294319_0_16	1
3	150258_2_21	0
3	13767_0_7	0
3	219405_0_13	1
3	184739_0_1	1
3	98316_0_0	0
3	420300_0_9	1
3	498691_0_19	1
3	394319_0_1	0
3	516354_0_18	1
3	239293_0_0	0
3	526349_0_2	0
3	417535_0_28	0
3	434048_1_5	1
3	98699_1_37	0
3	106112_0_2	0
3	8073_0_2	1
3	544787_0_1	0
3	359947_0_48	0
3	363962_1_6	0
3	510931_0_27	1
3	479973_0_3	0
3	319560_1_16	0
3	196166_0_18	1
3	377593_0_7	1
3	493964_0_41	1
3	51366_0_28	1
3	431205_0_0	0
3	522502_0_1	1
3	204756_0_8	1
3	525514_0_11	0
3	465051_0_1	0
3	238076_0_5	1
3	338161_0_7	1
3	65192_0_5	0
3	197961_0_2	0
3	377226_1_9	0
3	140681_0_26	1
3	290517_1_26	0
3	323391_0_38	0
3	98714_0_0	0
3	18713_0_5	1
3	343862_0_23	1
3	225380_0_54	1
3	376535_0_4	0
3	1632_0_18	0
3	375255_2_17	0
3	228874_0_7	0
3	445313_0_13	1
3	171162_0_18	1
3	107558_5_3	0
3	159654_0_7	0
3	162930_1_9	0
3	352365_1_8	1
3	38397_2_9	0
3	130135_0_114	0
3	98136_0_21	0
3	532142_0_17	1
3	130634_0_9	0
3	57643_2_2	0
3	368171_0_17	1
3	531890_0_19	1
3	386252_0_44	1
3	193204_1_13	1
3	453728_0_15	1
3	4618_0_22	0
3	159551_0_2	1
3	296132_0_34	1
3	96519_13_2	0
3	146903_0_1	0
3	438163_0_11	1
3	279940_0_1	0
3	148611_1_22	0
3	345737_0_0	0
3	448209_1_47	1
3	264935_0_12	0
3	162338_0_31	1
3	489421_0_3	0
3	197672_0_17	1
3	99777_3_4	0
3	45263_0_12	0
3	412766_1_14	0
3	522794_0_30	1
3	21919_0_4	0
3	411723_0_3	1
3	93967_1_6	1
3	381419_0_1	0
3	39196_1_2	1
3	108028_1_31	0
3	540395_0_19	1
3	116343_0_0	0
3	421551_0_9	0
3	523670_1_0	0
3	100616_0_15	0
3	278364_2_18	1
3	409075_0_0	1
3	124775_2_7	0
3	502607_0_35	0
3	472731_0_0	1
3	461245_0_1	0
3	67588_0_12	0
3	507024_0_9	1
3	396096_0_7	1
3	14240_0_10	1
3	182847_7_4	1
3	98226_0_95	0
3	96052_0_10	1
3	307297_0_8	1
3	98277_0_77	0
3	528048_0_13	1
3	459379_0_52	1
3	389128_11_10	0
3	515426_0_13	0
3	501406_0_9	0
3	332958_0_32	1
3	98147_0_10	0
3	232449_0_0	0
3	494431_0_2	0
3	203718_0_25	0
3	188883_0_21	0
3	533918_0_3	1
3	266395_1_18	0
3	314212_0_80	0
3	538412_0_5	1
3	43507_0_18	1
3	529078_0_4	0
3	527191_0_41	0
3	217607_0_0	0
3	535115_0_3	1
3	229566_0_29	1
3	278411_0_1	1
3	138473_0_19	1
3	505345_0_62	0
3	82077_0_23	0
3	506491_0_10	0
3	351490_0_6	1
3	542812_0_2	0
3	317187_0_9	1
3	98365_0_3	0
3	478141_1_4	1
3	324164_0_19	0
3	459350_0_24	1
3	405777_0_11	0
3	142882_0_1	0
3	448306_1_7	0
3	407303_9_24	0
3	303792_0_2	0
3	45219_1_3	1
3	279900_2_2	1
3	539872_0_1	0
3	294470_0_9	1
3	91614_0_18	0
3	271901_0_16	1
3	546962_0_9	0
3	451517_0_16	1
3	508417_0_2	1
3	339091_0_18	0
3	545004_0_0	0
3	47029_0_23	0
3	166926_0_0	0
3	472394_0_10	1
3	379383_0_5	1
3	225887_1_1	0
3	185505_4_14	1
3	323388_0_6	1
3	237469_0_7	0
3	246066_0_1	1
3	207837_0_13	0
3	547164_0_1	0
3	498922_0_21	0
3	251275_0_3	0
3	501366_0_6	1
3	476786_0_17	1
3	89596_0_2	1
3	156170_5_1	0
3	466652_0_0	0
3	276016_1_20	1
3	289372_0_20	0
3	541571_0_12	0
3	66545_0_2	0
3	483374_0_23	0
3	533779_0_2	0
3	98277_0_12	0
3	520651_0_10	0
3	16122_0_12	0
3	377547_1_5	1
3	323358_0_19	0
3	207808_0_2	0
3	467457_1_1	0
3	445010_0_2	1
3	438063_0_6	0
3	302924_0_3	0
3	533371_0_1	0
3	302785_0_77	0
3	196166_0_1	1
3	53456_0_36	1
3	149224_1_3	0
3	98412_0_4	0
3	415594_0_6	1
3	297122_0_16	1
3	537636_0_15	1
3	258578_0_4	1
3	239162_1_11	0
3	356145_0_24	1
3	321671_0_2	0
3	410987_0_11	1
3	202752_31_0	0
3	108353_0_3	0
3	505682_0_47	0
3	20359_0_10	1
3	68784_1_8	0
3	529933_0_55	0
3	108341_0_15	0
3	140681_0_65	0
3	280425_0_11	0
3	298834_0_20	1
3	546600_0_2	0
3	34732_1_2	0
3	380961_4_10	0
3	550000_0_9	1
3	524150_0_2	0
3	520991_0_6	0
3	98277_0_69	0
3	303126_0_26	1
3	494535_0_27	0
3	338847_0_1	0
3	542751_0_7	0
3	368618_0_9	1
3	98381_0_13	0
3	518315_0_9	0
3	93966_1_15	0
3	530580_0_2	0
3	249877_0_3	0
3	343519_0_6	1
3	209956_0_6	1
3	490037_0_3	1
3	292225_0_6	0
3	245638_0_20	0
3	239162_1_18	1
3	114156_1_34	0
3	100421_0_3	1
3	98733_0_31	0
3	402793_3_3	1
3	445371_0_12	0
3	425973_0_9	0
3	97306_0_1	0
3	414497_0_1	0
3	546800_1_2	0
3	118136_4_6	0
3	118570_0_2	0
3	299820_1_4	0
3	508064_0_22	0
3	927_0_4	0
3	542750_0_3	0
3	35379_0_0	0
3	98187_0_2	0
3	205530_0_2	1
3	62663_0_34	0
3	355736_0_8	0
3	319918_2_16	0
3	248520_0_0	0
3	417144_0_13	0
3	15335_0_76	0
3	368652_0_4	0
3	98817_5_23	0
3	98878_0_7	0
3	402844_0_3	1
3	137431_2_27	0
3	490261_0_25	0
3	453887_2_9	0
3	391067_0_0	0
3	346985_9_11	0
3	127916_2_3	0
3	84130_0_4	0
3	210202_0_1	1
3	301775_0_19	1
3	205730_0_1	1
3	471587_0_21	0
3	98086_0_19	0
3	110961_4_18	0
3	361138_0_6	0
3	8463_0_19	0
3	80299_3_0	0
3	239241_11_13	0
3	301757_0_21	1
3	145166_1_27	0
3	428150_0_14	1
3	501069_0_23	1
3	231354_0_2	1
3	1619_6_31	0
3	98817_1_12	0
3	28592_0_19	0
3	473150_0_5	0
3	401439_1_0	0
3	98760_0_32	0
3	243007_1_38	0
3	469879_0_1	1
3	98416_0_8	0
3	98609_1_10	0
3	98295_9_15	0
3	177654_4_2	0
3	499562_0_16	0
3	431292_0_17	1
3	286482_0_109	0
3	439944_0_1	0
3	259963_0_10	0
3	245742_1_34	1
3	430446_0_8	0
3	401905_0_6	0
3	410342_0_8	0
3	494249_0_23	1
3	505211_0_20	1
3	362535_3_0	1
3	490687_3_21	1
3	77141_0_4	0
3	55078_2_64	0
3	334940_1_4	1
3	143191_0_13	1
3	523746_0_39	1
3	131452_0_28	1
3	65841_48_1	0
3	389927_0_1	1
3	164687_0_9	1
3	371633_3_3	0
3	4896_0_0	0
3	76472_0_12	0
3	515467_0_2	0
3	358669_1_4	0
3	229413_0_1	0
3	116776_2_23	1
3	496344_0_25	1
3	539400_0_3	0
3	444627_0_29	1
3	36245_0_0	0
3	61846_0_1	0
3	528381_1_9	0
3	497413_0_19	0
3	90223_0_1	1
3	66780_0_15	0
3	106354_0_3	0
3	79148_0_0	0
3	136581_0_1	0
3	486376_0_0	0
3	91882_0_4	0
3	425054_0_38	1
3	319918_2_1	1
3	447537_0_13	1
3	519939_0_1	0
3	452908_0_27	0
3	459569_0_16	0
3	504443_0_16	0
3	546856_3_5	0
3	462068_0_0	0
3	258784_0_4	0
3	256169_0_7	0
3	268819_0_1	0
3	83794_1_44	0
3	68382_0_22	1
3	285816_1_9	0
3	468761_0_12	0
3	435781_0_10	0
3	51729_0_1	1
3	511446_0_2	1
3	394943_7_44	0
3	3917_0_9	0
3	115917_0_23	0
3	379721_0_1	0
3	525319_0_5	1
3	49659_24_11	0
3	352365_0_6	1
3	143357_9_15	1
3	441208_0_3	1
3	169237_5_5	0
3	230286_0_18	0
3	386509_0_38	1
3	460441_0_24	0
3	437673_0_12	1
3	249304_0_32	1
3	107656_0_6	0
3	498568_0_17	1
3	35840_0_27	1
3	104492_1_10	0
3	437768_0_28	0
3	217699_0_0	0
3	356068_0_3	0
3	416561_0_1	1
3	98174_0_21	0
3	204199_0_12	0
3	98306_0_8	0
3	496089_0_4	1
3	20359_0_14	0
3	210398_0_3	1
3	253340_0_1	0
3	16280_0_0	0
3	379541_0_0	0
3	18713_0_18	1
3	312447_0_40	0
3	98362_1_9	0
3	423320_0_26	0
3	73690_0_26	1
3	332121_0_13	1
3	486257_0_28	0
3	486094_2_0	0
3	57052_0_12	1
3	325265_0_5	0
3	247673_0_4	0
3	453351_1_1	1
3	142828_0_3	1
3	253861_4_0	0
3	93967_0_6	1
3	287152_1_2	0
3	438780_0_40	0
3	415579_0_2	0
3	239540_0_4	0
3	527920_0_13	0
3	286906_0_43	0
3	98687_0_1	0
3	149692_0_15	0
3	345249_3_10	0
3	156674_0_2	0
3	514857_0_38	1
3	497505_0_15	0
3	188462_2_32	1
3	325864_0_23	0
3	121385_0_0	0
3	3648_0_5	0
3	382257_30_11	0
3	460441_0_23	1
3	20642_1_1	0
3	37189_0_2	0
3	501115_0_12	0
3	513369_0_48	0
3	254268_0_15	0
3	504680_0_13	0
3	277002_4_16	0
3	98714_0_12	0
3	282508_3_0	0
3	353176_0_12	0
3	499522_0_14	1
3	84757_0_20	0
3	324382_1_1	0
3	209009_0_6	0
3	393187_0_6	1
3	307381_9_0	0
3	1705_0_25	1
3	435079_1_98	0
3	378160_0_30	0
3	7217_0_2	0
3	19762_0_3	0
3	316594_0_19	1
3	492378_0_25	0
3	73401_0_5	1
3	120317_1_31	1
3	518146_0_1	1
3	436618_0_10	0
3	406657_0_36	0
3	529383_0_54	1
3	297850_0_1	0
3	350925_0_3	0
3	459052_1_21	1
3	430752_0_21	0
3	528646_0_27	1
3	530294_0_20	0
3	302800_0_6	0
3	227686_0_8	0
3	294478_0_36	0
3	183649_1_4	0
3	463268_2_1	1
3	365206_0_0	0
3	113928_6_4	0
3	102919_16_19	0
3	489560_0_27	0
3	437979_0_5	0
3	278756_0_37	0
3	475077_1_2	0
3	352948_0_5	0
3	98883_0_18	0
3	28045_0_20	0
3	372910_0_7	0
3	330840_0_28	1
3	358042_0_6	1
3	241461_0_40	0
3	35621_1_3	1
3	230210_2_25	0
3	138581_0_3	1
3	403423_0_22	1
3	440514_0_5	0
3	145916_0_6	0
3	206716_0_3	1
3	251639_1_28	0
3	125551_0_31	1
3	2025_0_2	0
3	493418_0_3	1
3	106642_0_1	0
3	473973_0_3	0
3	444957_0_6	0
3	253179_0_0	0
3	547563_0_1	1
3	352764_0_25	0
3	547686_0_24	0
3	113188_2_23	1
3	88458_8_4	1
3	176393_2_33	0
3	272083_0_14	0
3	48164_7_64	0
3	143035_3_1	0
3	268592_13_11	0
3	547424_0_5	1
3	268443_0_15	0
3	414145_0_19	0
3	280849_0_11	0
3	117866_0_4	1
3	169901_0_22	0
3	252882_0_10	0
3	343981_0_5	0
3	264363_0_14	1
3	85909_2_69	0
3	526202_0_0	0
3	220938_1_2	0
3	211894_0_10	0
3	313113_0_16	0
3	491932_0_6	0
3	62929_0_13	1
3	509734_0_33	1
3	205730_0_16	1
3	98453_0_16	0
3	159500_4_9	1
3	268115_0_3	1
3	213089_3_10	0
3	383039_3_47	0
3	98918_0_2	0
3	305789_46_0	0
3	496773_0_47	0
3	27009_1_7	0
3	86990_0_0	0
3	538905_1_5	1
3	236761_0_5	1
3	98878_0_29	0
3	441745_2_4	0
3	510792_0_8	0
3	195764_0_63	0
3	371752_1_4	0
3	76833_1_2	0
3	262146_1_1	0
3	424366_0_20	1
3	504478_0_2	1
3	504821_0_11	1
3	194873_0_10	1
3	275558_0_38	0
3	529859_0_7	1
3	365206_0_9	0
3	511988_0_21	1
3	386500_0_14	0
3	498975_0_0	0
3	176738_1_23	0
3	74376_0_3	0
3	451643_0_32	0
3	201717_0_2	1
3	383517_0_98	0
3	98474_0_3	0
3	464772_0_2	0
3	15366_0_18	0
3	121965_0_7	0
3	374402_0_12	0
3	352948_0_16	0
3	163587_0_24	0
3	362340_3_6	0
3	219272_0_60	0
3	98812_0_24	0
3	525196_0_1	0
3	473997_1_1	0
3	272500_1_2	0
3	535149_0_29	1
3	388682_0_50	0
3	62929_0_17	1
3	157725_0_11	0
3	414814_0_24	0
3	452815_0_2	0
3	395272_0_7	0
3	518262_0_0	1
3	350689_0_8	0
3	381596_0_1	1
3	518287_0_19	1
3	297844_1_0	0
3	499379_0_14	1
3	353782_7_16	0
3	354681_0_2	0
3	431268_0_4	0
3	514196_0_13	0
3	257048_1_2	0
3	424105_0_29	0
3	266800_0_10	0
3	474095_0_4	0
3	138909_0_5	1
3	511499_0_7	0
3	186327_0_16	1
3	497396_0_17	1
3	475663_1_0	0
3	497177_0_30	1
3	174707_0_2	1
3	302359_0_1	1
3	10827_0_16	0
3	438881_0_37	0
3	214177_0_4	1
3	123456_0_12	1
3	377547_0_5	1
3	59297_0_8	0
3	420164_0_41	0
3	404286_0_8	0
3	98878_0_9	0
3	536776_0_38	0
3	98847_0_4	0
3	98474_0_6	0
3	168629_5_1	0
3	522239_0_13	1
3	158483_0_28	0
3	175640_0_5	1
3	417168_0_4	1
3	136567_0_6	1
3	401281_0_13	0
3	469311_0_6	1
3	415589_0_14	1
3	39668_4_2	0
3	320705_0_21	1
3	12294_0_5	1
3	18901_0_2	0
3	482990_0_7	1
3	514364_0_11	1
3	90979_0_55	1
3	190400_0_0	0
3	353397_0_37	0
3	510086_0_8	1
3	281758_0_28	1
3	497396_0_3	1
3	547563_1_1	0
3	341777_0_13	0
3	210092_0_8	0
3	370160_0_14	0
3	403057_0_4	0
3	513291_0_19	1
3	209115_0_20	0
3	391047_1_85	0
3	142587_0_0	1
3	353307_0_9	0
3	494287_0_78	1
3	424974_32_17	0
3	207331_0_10	0
3	375850_0_0	0
3	332181_0_1	0
3	126558_0_43	0
3	98920_1_12	0
3	117616_1_8	0
3	368308_0_14	1
3	91732_0_14	1
3	98678_0_5	0
3	430666_0_1	1
3	527115_0_10	1
3	53416_0_45	0
3	98429_0_10	0
3	100451_0_5	1
3	210131_0_0	0
3	184864_0_10	1
3	385174_0_39	1
3	529334_1_22	1
3	322015_0_16	1
3	98127_0_3	0
3	115097_0_8	0
3	415589_1_14	1
3	385138_0_6	0
3	117648_0_1	0
3	367144_0_2	0
3	503493_0_11	0
3	260797_0_3	0
3	522271_0_3	0
3	459052_1_4	1
3	113188_2_20	1
3	98022_0_45	1
3	511260_0_22	1
3	84109_1_0	1
3	498801_0_41	1
3	368803_0_0	0
3	498561_1_6	0
3	73200_0_23	0
3	269858_0_5	0
3	313989_1_13	0
3	189040_1_0	0
3	42910_0_36	1
3	274598_0_1	0
3	61054_0_0	0
3	444989_0_9	0
3	98699_0_9	0
3	98854_4_12	0
3	389515_0_2	1
3	274421_0_4	0
3	504741_0_4	0
3	111370_0_9	0
3	256730_0_0	0
3	148940_0_11	0
3	97408_0_16	1
3	242301_0_12	1
3	319918_0_20	0
3	327152_0_26	1
3	464509_12_29	1
3	126697_0_20	1
3	414234_1_9	0
4	253909_0_14	0
4	289452_0_23	1
4	484956_0_1	1
4	523857_6_5	0
4	328004_4_34	0
4	166202_1_14	1
4	45263_0_29	0
4	513291_0_1	1
4	459581_0_0	1
4	287702_0_33	1
4	165198_1_18	0
4	213388_0_4	1
4	71512_0_12	0
4	4212_0_7	0
4	430310_0_11	0
4	419586_1_20	0
4	276305_1_8	1
4	237167_0_29	1
4	271759_0_3	0
4	250861_0_12	1
4	98705_0_29	0
4	271752_0_10	0
4	336907_1_11	0
4	36866_1_37	1
4	459571_0_8	0
4	239363_0_2	0
4	492215_0_9	0
4	379293_2_2	0
4	515136_2_33	1
4	442346_0_34	0
4	175655_0_0	0
4	546998_0_18	1
4	411866_0_14	1
4	275982_0_8	0
4	1084_0_16	1
4	57519_0_15	1
4	315536_0_12	0
4	425625_0_1	0
4	207744_0_37	1
4	223496_3_7	0
4	548295_0_1	1
4	264881_0_4	0
4	441776_0_16	1
4	515037_0_5	1
4	354015_0_3	0
4	98596_0_9	0
4	275527_17_0	0
4	512690_0_14	1
4	8151_0_37	1
4	347065_8_31	0
4	207331_0_9	1
4	495739_0_16	0
4	98376_0_4	0
4	49393_0_2	0
4	304099_0_5	1
4	21595_0_3	1
4	139058_0_10	0
4	539311_2_16	0
4	258799_0_10	0
4	495886_1_2	1
4	43795_0_52	1
4	439459_0_41	1
4	338272_0_0	0
4	443294_0_1	1
4	401592_0_7	0
4	286095_7_6	0
4	532160_0_19	0
4	529121_0_8	0
4	495054_0_2	0
4	283514_0_5	0
4	263295_0_14	0
4	41711_6_3	1
4	392467_1_3	0
4	98788_0_5	0
4	170215_0_4	0
4	92725_0_5	1
4	290691_0_20	0
4	381597_0_8	1
4	349300_0_49	0
4	343157_0_4	1
4	98315_0_10	0
4	337809_13_0	0
4	143037_0_1	1
4	365395_0_3	0
4	176859_0_12	0
4	92519_1_13	0
4	339240_0_3	0
4	512126_0_7	1
4	14228_0_15	1
4	108108_0_25	0
4	122276_2_2	0
4	99306_27_5	0
4	480804_0_28	0
4	235818_1_2	1
4	356256_0_21	1
4	195775_0_7	0
4	335404_0_8	0
4	415555_0_38	1
4	367668_0_0	0
4	246029_4_0	0
4	176701_15_24	0
4	98302_0_37	0
4	231755_0_64	1
4	492218_0_21	0
4	174707_1_2	0
4	318495_1_4	1
4	224614_0_24	1
4	341777_0_15	1
4	508831_0_9	1
4	327860_0_10	1
4	475663_0_2	0
4	374861_3_6	0
4	382834_0_84	0
4	232198_1_15	1
4	533738_0_17	0
4	321104_0_12	0
4	8370_0_1	0
4	16441_0_5	0
4	369946_4_4	0
4	212073_0_48	0
4	332277_0_3	0
4	98174_0_30	0
4	355880_0_7	0
4	459484_0_0	1
4	92130_0_4	1
4	420345_0_4	1
4	115912_0_1	0
4	222887_0_3	1
4	375312_3_8	0
4	518287_0_23	1
4	271681_2_7	0
4	98295_1_44	0
4	499416_1_18	1
4	93966_2_16	0
4	482459_0_12	0
4	547164_1_1	0
4	323333_0_9	1
4	520751_1_41	0
4	437857_1_22	0
4	510561_0_23	1
4	534164_0_29	1
4	56046_0_22	1
4	294319_0_16	1
4	150258_2_21	0
4	13767_0_7	0
4	219405_0_13	1
4	184739_0_1	1
4	98316_0_0	0
4	420300_0_9	1
4	498691_0_19	1
4	394319_0_1	0
4	516354_0_18	1
4	239293_0_0	0
4	526349_0_2	0
4	417535_0_28	0
4	434048_1_5	1
4	98699_1_37	0
4	106112_0_2	0
4	8073_0_2	1
4	544787_0_1	0
4	359947_0_48	0
4	363962_1_6	0
4	510931_0_27	1
4	479973_0_3	0
4	319560_1_16	0
4	196166_0_18	1
4	377593_0_7	1
4	493964_0_41	1
4	51366_0_28	1
4	431205_0_0	0
4	522502_0_1	1
4	204756_0_8	1
4	525514_0_11	0
4	465051_0_1	0
4	238076_0_5	1
4	338161_0_7	1
4	65192_0_5	0
4	197961_0_2	0
4	377226_1_9	0
4	140681_0_26	1
4	290517_1_26	0
4	323391_0_38	0
4	98714_0_0	0
4	18713_0_5	1
4	343862_0_23	1
4	225380_0_54	1
4	376535_0_4	0
4	1632_0_18	0
4	375255_2_17	0
4	228874_0_7	0
4	445313_0_13	1
4	171162_0_18	1
4	107558_5_3	0
4	159654_0_7	0
4	162930_1_9	0
4	352365_1_8	1
4	38397_2_9	0
4	130135_0_114	0
4	98136_0_21	0
4	532142_0_17	1
4	130634_0_9	0
4	57643_2_2	0
4	368171_0_17	1
4	531890_0_19	1
4	386252_0_44	1
4	193204_1_13	1
4	453728_0_15	1
4	4618_0_22	0
4	159551_0_2	1
4	296132_0_34	1
4	96519_13_2	0
4	146903_0_1	0
4	438163_0_11	1
4	279940_0_1	0
4	148611_1_22	0
4	345737_0_0	0
4	448209_1_47	1
4	264935_0_12	0
4	162338_0_31	1
4	489421_0_3	0
4	197672_0_17	1
4	99777_3_4	0
4	45263_0_12	0
4	412766_1_14	0
4	522794_0_30	1
4	21919_0_4	0
4	411723_0_3	1
4	93967_1_6	1
4	381419_0_1	0
4	39196_1_2	1
4	108028_1_31	0
4	540395_0_19	1
4	116343_0_0	0
4	421551_0_9	0
4	523670_1_0	0
4	100616_0_15	0
4	278364_2_18	1
4	409075_0_0	1
4	124775_2_7	0
4	502607_0_35	0
4	472731_0_0	1
4	461245_0_1	0
4	67588_0_12	0
4	507024_0_9	1
4	396096_0_7	1
4	14240_0_10	1
4	182847_7_4	1
4	98226_0_95	0
4	96052_0_10	1
4	307297_0_8	1
4	98277_0_77	0
4	528048_0_13	1
4	459379_0_52	1
4	389128_11_10	0
4	515426_0_13	0
4	501406_0_9	0
4	332958_0_32	1
4	98147_0_10	0
4	232449_0_0	0
4	494431_0_2	0
4	203718_0_25	0
4	188883_0_21	0
4	533918_0_3	1
4	266395_1_18	0
4	314212_0_80	0
4	538412_0_5	1
4	43507_0_18	1
4	529078_0_4	0
4	527191_0_41	0
4	217607_0_0	0
4	535115_0_3	1
4	229566_0_29	1
4	278411_0_1	1
4	138473_0_19	1
4	505345_0_62	0
4	82077_0_23	0
4	506491_0_10	0
4	351490_0_6	1
4	542812_0_2	0
4	317187_0_9	1
4	98365_0_3	0
4	478141_1_4	1
4	324164_0_19	0
4	459350_0_24	1
4	405777_0_11	0
4	142882_0_1	0
4	448306_1_7	0
4	407303_9_24	0
4	303792_0_2	0
4	45219_1_3	1
4	279900_2_2	1
4	539872_0_1	0
4	294470_0_9	1
4	91614_0_18	0
4	271901_0_16	1
4	546962_0_9	0
4	451517_0_16	1
4	508417_0_2	1
4	339091_0_18	0
4	545004_0_0	0
4	47029_0_23	0
4	166926_0_0	0
4	472394_0_10	1
4	379383_0_5	1
4	225887_1_1	0
4	185505_4_14	1
4	323388_0_6	1
4	237469_0_7	0
4	246066_0_1	1
4	207837_0_13	0
4	547164_0_1	0
4	498922_0_21	0
4	251275_0_3	0
4	501366_0_6	1
4	476786_0_17	1
4	89596_0_2	1
4	156170_5_1	0
4	466652_0_0	0
4	276016_1_20	1
4	289372_0_20	0
4	541571_0_12	0
4	66545_0_2	0
4	483374_0_23	0
4	533779_0_2	0
4	98277_0_12	0
4	520651_0_10	0
4	16122_0_12	0
4	377547_1_5	1
4	323358_0_19	0
4	207808_0_2	0
4	467457_1_1	0
4	445010_0_2	1
4	438063_0_6	0
4	302924_0_3	0
4	533371_0_1	0
4	302785_0_77	0
4	196166_0_1	1
4	53456_0_36	1
4	149224_1_3	0
4	98412_0_4	0
4	415594_0_6	1
4	297122_0_16	1
4	537636_0_15	1
4	258578_0_4	1
4	239162_1_11	0
4	356145_0_24	1
4	321671_0_2	0
4	410987_0_11	1
4	202752_31_0	0
4	108353_0_3	0
4	505682_0_47	0
4	20359_0_10	1
4	68784_1_8	0
4	529933_0_55	0
4	108341_0_15	0
4	140681_0_65	0
4	280425_0_11	0
4	298834_0_20	1
4	546600_0_2	0
4	34732_1_2	0
4	380961_4_10	0
4	550000_0_9	1
4	524150_0_2	0
4	520991_0_6	0
4	98277_0_69	0
4	303126_0_26	1
4	494535_0_27	0
4	338847_0_1	0
4	542751_0_7	0
4	368618_0_9	1
4	98381_0_13	0
4	518315_0_9	0
4	93966_1_15	0
4	530580_0_2	0
4	249877_0_3	0
4	343519_0_6	1
4	209956_0_6	1
4	490037_0_3	1
4	292225_0_6	0
4	245638_0_20	0
4	239162_1_18	1
4	114156_1_34	0
4	100421_0_3	1
4	98733_0_31	0
4	402793_3_3	1
4	445371_0_12	0
4	425973_0_9	0
4	97306_0_1	0
4	414497_0_1	0
4	546800_1_2	0
4	118136_4_6	0
4	118570_0_2	0
4	299820_1_4	0
4	508064_0_22	0
4	927_0_4	0
4	542750_0_3	0
4	35379_0_0	0
4	98187_0_2	0
4	205530_0_2	1
4	62663_0_34	0
4	355736_0_8	0
4	319918_2_16	0
4	248520_0_0	0
4	417144_0_13	0
4	15335_0_76	0
4	368652_0_4	0
4	98817_5_23	0
4	98878_0_7	0
4	402844_0_3	1
4	137431_2_27	0
4	490261_0_25	0
4	453887_2_9	0
4	391067_0_0	0
4	346985_9_11	0
4	127916_2_3	0
4	84130_0_4	0
4	210202_0_1	1
4	301775_0_19	1
4	205730_0_1	1
4	471587_0_21	0
4	98086_0_19	0
4	110961_4_18	0
4	361138_0_6	0
4	8463_0_19	0
4	80299_3_0	0
4	239241_11_13	0
4	301757_0_21	1
4	145166_1_27	0
4	428150_0_14	1
4	501069_0_23	1
4	231354_0_2	1
4	1619_6_31	0
4	98817_1_12	0
4	28592_0_19	0
4	473150_0_5	0
4	401439_1_0	0
4	98760_0_32	0
4	243007_1_38	0
4	469879_0_1	1
4	98416_0_8	0
4	98609_1_10	0
4	98295_9_15	0
4	177654_4_2	0
4	499562_0_16	0
4	431292_0_17	1
4	286482_0_109	0
4	439944_0_1	0
4	259963_0_10	0
4	245742_1_34	1
4	430446_0_8	0
4	401905_0_6	0
4	410342_0_8	0
4	494249_0_23	1
4	505211_0_20	1
4	362535_3_0	1
4	490687_3_21	1
4	77141_0_4	0
4	55078_2_64	0
4	334940_1_4	1
4	143191_0_13	1
4	523746_0_39	1
4	131452_0_28	1
4	65841_48_1	0
4	389927_0_1	1
4	164687_0_9	1
4	371633_3_3	0
4	4896_0_0	0
4	76472_0_12	0
4	515467_0_2	0
4	358669_1_4	0
4	229413_0_1	0
4	116776_2_23	1
4	496344_0_25	1
4	539400_0_3	0
4	444627_0_29	1
4	36245_0_0	0
4	61846_0_1	0
4	528381_1_9	0
4	497413_0_19	0
4	90223_0_1	1
4	66780_0_15	0
4	106354_0_3	0
4	79148_0_0	0
4	136581_0_1	0
4	486376_0_0	0
4	91882_0_4	0
4	425054_0_38	1
4	319918_2_1	1
4	447537_0_13	1
4	519939_0_1	0
4	452908_0_27	0
4	459569_0_16	0
4	504443_0_16	0
4	546856_3_5	0
4	462068_0_0	0
4	258784_0_4	0
4	256169_0_7	0
4	268819_0_1	0
4	83794_1_44	0
4	68382_0_22	1
4	285816_1_9	0
4	468761_0_12	0
4	435781_0_10	0
4	51729_0_1	1
4	511446_0_2	1
4	394943_7_44	0
4	3917_0_9	0
4	115917_0_23	0
4	379721_0_1	0
4	525319_0_5	1
4	49659_24_11	0
4	352365_0_6	1
4	143357_9_15	1
4	441208_0_3	1
4	169237_5_5	0
4	230286_0_18	0
4	386509_0_38	1
4	460441_0_24	0
4	437673_0_12	1
4	249304_0_32	1
4	107656_0_6	0
4	498568_0_17	1
4	35840_0_27	1
4	104492_1_10	0
4	437768_0_28	0
4	217699_0_0	0
4	356068_0_3	0
4	416561_0_1	1
4	98174_0_21	0
4	204199_0_12	0
4	98306_0_8	0
4	496089_0_4	1
4	20359_0_14	0
4	210398_0_3	1
4	253340_0_1	0
4	16280_0_0	0
4	379541_0_0	0
4	18713_0_18	1
4	312447_0_40	0
4	98362_1_9	0
4	423320_0_26	0
4	73690_0_26	1
4	332121_0_13	1
4	486257_0_28	0
4	486094_2_0	0
4	57052_0_12	1
4	325265_0_5	0
4	247673_0_4	0
4	453351_1_1	1
4	142828_0_3	1
4	253861_4_0	0
4	93967_0_6	1
4	287152_1_2	0
4	438780_0_40	0
4	415579_0_2	0
4	239540_0_4	0
4	527920_0_13	0
4	286906_0_43	0
4	98687_0_1	0
4	149692_0_15	0
4	345249_3_10	0
4	156674_0_2	0
4	514857_0_38	1
4	497505_0_15	0
4	188462_2_32	1
4	325864_0_23	0
4	121385_0_0	0
4	3648_0_5	0
4	382257_30_11	0
4	460441_0_23	1
4	20642_1_1	0
4	37189_0_2	0
4	501115_0_12	0
4	513369_0_48	0
4	254268_0_15	0
4	504680_0_13	0
4	277002_4_16	0
4	98714_0_12	0
4	282508_3_0	0
4	353176_0_12	0
4	499522_0_14	1
4	84757_0_20	0
4	324382_1_1	0
4	209009_0_6	0
4	393187_0_6	1
4	307381_9_0	0
4	1705_0_25	1
4	435079_1_98	0
4	378160_0_30	0
4	7217_0_2	0
4	19762_0_3	0
4	316594_0_19	1
4	492378_0_25	0
4	73401_0_5	1
4	120317_1_31	1
4	518146_0_1	1
4	436618_0_10	0
4	406657_0_36	0
4	529383_0_54	1
4	297850_0_1	0
4	350925_0_3	0
4	459052_1_21	1
4	430752_0_21	0
4	528646_0_27	1
4	530294_0_20	0
4	302800_0_6	0
4	227686_0_8	0
4	294478_0_36	0
4	183649_1_4	0
4	463268_2_1	1
4	365206_0_0	0
4	113928_6_4	0
4	102919_16_19	0
4	489560_0_27	0
4	437979_0_5	0
4	278756_0_37	0
4	475077_1_2	0
4	352948_0_5	0
4	98883_0_18	0
4	28045_0_20	0
4	372910_0_7	0
4	330840_0_28	1
4	358042_0_6	1
4	241461_0_40	0
4	35621_1_3	1
4	230210_2_25	0
4	138581_0_3	1
4	403423_0_22	1
4	440514_0_5	0
4	145916_0_6	0
4	206716_0_3	1
4	251639_1_28	0
4	125551_0_31	1
4	2025_0_2	0
4	493418_0_3	1
4	106642_0_1	0
4	473973_0_3	0
4	444957_0_6	0
4	253179_0_0	0
4	547563_0_1	1
4	352764_0_25	0
4	547686_0_24	0
4	113188_2_23	1
4	88458_8_4	1
4	176393_2_33	0
4	272083_0_14	0
4	48164_7_64	0
4	143035_3_1	0
4	268592_13_11	0
4	547424_0_5	1
4	268443_0_15	0
4	414145_0_19	0
4	280849_0_11	0
4	117866_0_4	1
4	169901_0_22	0
4	252882_0_10	0
4	343981_0_5	0
4	264363_0_14	1
4	85909_2_69	0
4	526202_0_0	0
4	220938_1_2	0
4	211894_0_10	0
4	313113_0_16	0
4	491932_0_6	0
4	62929_0_13	1
4	509734_0_33	1
4	205730_0_16	1
4	98453_0_16	0
4	159500_4_9	1
4	268115_0_3	1
4	213089_3_10	0
4	383039_3_47	0
4	98918_0_2	0
4	305789_46_0	0
4	496773_0_47	0
4	27009_1_7	0
4	86990_0_0	0
4	538905_1_5	1
4	236761_0_5	1
4	98878_0_29	0
4	441745_2_4	0
4	510792_0_8	0
4	195764_0_63	0
4	371752_1_4	0
4	76833_1_2	0
4	262146_1_1	0
4	424366_0_20	1
4	504478_0_2	1
4	504821_0_11	1
4	194873_0_10	1
4	275558_0_38	0
4	529859_0_7	1
4	365206_0_9	0
4	511988_0_21	1
4	386500_0_14	0
4	498975_0_0	0
4	176738_1_23	0
4	74376_0_3	0
4	451643_0_32	0
4	201717_0_2	1
4	383517_0_98	0
4	98474_0_3	0
4	464772_0_2	0
4	15366_0_18	0
4	121965_0_7	0
4	374402_0_12	0
4	352948_0_16	0
4	163587_0_24	0
4	362340_3_6	0
4	219272_0_60	0
4	98812_0_24	0
4	525196_0_1	0
4	473997_1_1	0
4	272500_1_2	0
4	535149_0_29	1
4	388682_0_50	0
4	62929_0_17	1
4	157725_0_11	0
4	414814_0_24	0
4	452815_0_2	0
4	395272_0_7	0
4	518262_0_0	1
4	350689_0_8	0
4	381596_0_1	1
4	518287_0_19	1
4	297844_1_0	0
4	499379_0_14	1
4	353782_7_16	0
4	354681_0_2	0
4	431268_0_4	0
4	514196_0_13	0
4	257048_1_2	0
4	424105_0_29	0
4	266800_0_10	0
4	474095_0_4	0
4	138909_0_5	1
4	511499_0_7	0
4	186327_0_16	1
4	497396_0_17	1
4	475663_1_0	0
4	497177_0_30	1
4	174707_0_2	1
4	302359_0_1	1
4	10827_0_16	0
4	438881_0_37	0
4	214177_0_4	1
4	123456_0_12	1
4	377547_0_5	1
4	59297_0_8	0
4	420164_0_41	0
4	404286_0_8	0
4	98878_0_9	0
4	536776_0_38	0
4	98847_0_4	0
4	98474_0_6	0
4	168629_5_1	0
4	522239_0_13	1
4	158483_0_28	0
4	175640_0_5	1
4	417168_0_4	1
4	136567_0_6	1
4	401281_0_13	0
4	469311_0_6	1
4	415589_0_14	1
4	39668_4_2	0
4	320705_0_21	1
4	12294_0_5	1
4	18901_0_2	0
4	482990_0_7	1
4	514364_0_11	1
4	90979_0_55	1
4	190400_0_0	0
4	353397_0_37	0
4	510086_0_8	1
4	281758_0_28	1
4	497396_0_3	1
4	547563_1_1	0
4	341777_0_13	0
4	210092_0_8	0
4	370160_0_14	0
4	403057_0_4	0
4	513291_0_19	1
4	209115_0_20	0
4	391047_1_85	0
4	142587_0_0	1
4	353307_0_9	0
4	494287_0_78	1
4	424974_32_17	0
4	207331_0_10	0
4	375850_0_0	0
4	332181_0_1	0
4	126558_0_43	0
4	98920_1_12	0
4	117616_1_8	0
4	368308_0_14	1
4	91732_0_14	1
4	98678_0_5	0
4	430666_0_1	1
4	527115_0_10	1
4	53416_0_45	0
4	98429_0_10	0
4	100451_0_5	1
4	210131_0_0	0
4	184864_0_10	1
4	385174_0_39	1
4	529334_1_22	1
4	322015_0_16	1
4	98127_0_3	0
4	115097_0_8	0
4	415589_1_14	1
4	385138_0_6	0
4	117648_0_1	0
4	367144_0_2	0
4	503493_0_11	0
4	260797_0_3	0
4	522271_0_3	0
4	459052_1_4	1
4	113188_2_20	1
4	98022_0_45	1
4	511260_0_22	1
4	84109_1_0	1
4	498801_0_41	1
4	368803_0_0	0
4	498561_1_6	0
4	73200_0_23	0
4	269858_0_5	0
4	313989_1_13	0
4	189040_1_0	0
4	42910_0_36	1
4	274598_0_1	0
4	61054_0_0	0
4	444989_0_9	0
4	98699_0_9	0
4	98854_4_12	0
4	389515_0_2	1
4	274421_0_4	0
4	504741_0_4	0
4	111370_0_9	0
4	256730_0_0	0
4	148940_0_11	0
4	97408_0_16	1
4	242301_0_12	1
4	319918_0_20	0
4	327152_0_26	1
4	464509_12_29	1
4	126697_0_20	1
4	414234_1_9	0
