1	185694_0_5	1
1	235884_0_2	1
1	355050_0_19	1
1	46619_1_12	0
1	408793_0_31	0
1	446899_0_179	1
1	27490_0_28	1
1	237317_2_5	1
1	283493_0_78	1
1	436970_0_35	0
1	278422_0_5	1
1	156101_0_0	0
1	389185_0_1	0
1	300088_0_1	0
1	98138_0_12	0
1	98429_0_53	0
1	339841_0_11	0
1	246964_0_2	0
1	98705_0_29	1
1	456802_1_1	1
1	38322_2_0	1
1	492215_0_9	0
1	326167_3_13	1
1	272670_0_1	0
1	514446_0_14	1
1	29157_0_20	0
1	98351_3_133	0
1	82221_0_11	1
1	551598_1_48	1
1	98878_0_30	0
1	460994_0_2	1
1	177786_2_18	1
1	486853_4_18	1
1	417754_0_6	0
1	108669_1_7	0
1	98265_1_9	0
1	259089_0_15	1
1	245607_0_126	1
1	98836_0_28	0
1	510722_0_21	1
1	184535_1_24	1
1	328976_0_10	0
1	195181_7_30	0
1	539311_2_16	0
1	449452_1_8	1
1	523964_1_10	1
1	474879_0_23	1
1	67513_0_10	0
1	445668_0_38	0
1	180975_0_27	0
1	91726_5_3	0
1	204291_0_14	1
1	281308_0_1	1
1	272829_0_33	1
1	27490_0_32	1
1	243962_5_30	0
1	550517_4_16	1
1	290691_0_20	0
1	393537_38_18	1
1	441384_21_21	1
1	98141_0_23	0
1	319977_1_9	0
1	99306_27_5	0
1	254718_0_43	1
1	493739_0_18	1
1	98847_0_3	0
1	53517_0_128	1
1	447933_1_35	1
1	225643_4_0	0
1	98302_0_37	0
1	98484_0_11	0
1	98265_1_4	1
1	53321_0_12	0
1	543292_0_10	0
1	46214_0_42	0
1	34229_1_0	0
1	128699_0_1	0
1	240410_0_38	1
1	176883_0_12	0
1	205783_0_8	0
1	124203_0_13	1
1	208189_0_66	1
1	107093_33_0	1
1	428606_3_18	1
1	137886_0_7	1
1	332277_0_3	0
1	374027_1_4	0
1	65827_2_3	1
1	413753_0_15	1
1	70811_0_2	0
1	98174_0_30	0
1	117607_2_5	0
1	337313_0_1	0
1	98351_1_154	0
1	109596_0_22	1
1	208603_0_25	1
1	98488_0_29	0
1	298421_0_41	1
1	210140_0_25	1
1	299680_1_4	1
1	390205_1_14	1
1	417173_0_51	1
1	117271_0_29	1
1	401657_0_3	0
1	363962_1_6	0
1	323409_0_9	0
1	98699_1_14	0
1	163275_0_9	1
1	94552_0_13	0
1	438775_0_3	1
1	364295_0_4	1
1	45368_0_4	1
1	1890_1_25	0
1	288008_0_3	1
1	115999_4_6	0
1	349624_0_1	0
1	346606_0_0	0
1	187769_0_41	1
1	225651_0_11	0
1	253230_1_8	1
1	216754_0_15	1
1	179839_0_22	0
1	91726_0_8	0
1	297820_2_15	0
1	188426_0_7	0
1	91726_1_3	0
1	453713_2_28	1
1	506814_0_70	1
1	130135_0_114	1
1	520381_0_26	0
1	281932_1_0	0
1	98289_0_4	1
1	152581_2_12	1
1	258883_2_28	0
1	177917_0_8	1
1	270611_0_1	0
1	133340_0_8	1
1	372695_0_13	0
1	79900_0_5	1
1	225328_3_32	1
1	146764_0_21	0
1	19977_0_48	1
1	21919_0_4	0
1	51366_0_15	1
1	546409_0_6	1
1	98460_2_14	0
1	178043_1_9	1
1	526149_0_10	1
1	333649_0_8	0
1	459032_0_19	1
1	479388_2_13	0
1	314738_0_1	0
1	232413_0_7	0
1	110635_0_12	0
1	116107_0_164	0
1	220565_0_2	0
1	488217_0_0	0
1	98731_0_24	0
1	276247_0_15	1
1	366098_0_21	1
1	467203_0_4	0
1	139144_1_3	0
1	375110_0_32	1
1	300835_0_5	1
1	382505_0_63	1
1	468558_0_7	1
1	98351_2_132	0
1	74518_0_4	0
1	209740_0_5	1
1	331664_1_9	1
1	289495_0_1	0
1	309830_0_7	0
1	540288_0_39	0
1	506491_0_10	0
1	551795_0_3	0
1	403440_3_15	1
1	98351_4_132	0
1	542812_0_2	0
1	188117_1_0	0
1	510931_0_26	1
1	421487_0_0	0
1	424503_0_22	1
1	368747_0_6	1
1	89735_0_8	0
1	183179_0_5	0
1	284006_0_23	0
1	464374_0_3	0
1	433191_1_8	1
1	450179_2_21	0
1	167586_3_19	0
1	47029_0_23	0
1	127562_1_7	1
1	81708_2_4	1
1	54854_11_10	0
1	108654_0_12	1
1	466020_0_5	0
1	82829_0_0	0
1	98351_5_155	0
1	400027_0_8	0
1	241073_0_2	1
1	548749_1_39	0
1	466652_0_0	0
1	49793_1_16	0
1	422205_0_16	1
1	445405_0_21	1
1	56383_0_21	0
1	98431_0_9	0
1	168422_0_73	1
1	45617_0_10	1
1	242083_0_3	0
1	360441_12_36	0
1	193625_0_36	1
1	358566_0_3	1
1	467457_1_1	0
1	161938_3_16	0
1	98351_5_133	0
1	120665_0_23	0
1	274072_2_9	1
1	40114_19_27	1
1	122296_0_20	1
1	98412_0_4	0
1	34609_0_17	1
1	48336_0_11	0
1	510184_0_54	0
1	287911_0_15	0
1	363358_2_3	0
1	295779_1_3	1
1	526708_0_2	1
1	321671_0_2	0
1	47471_0_12	0
1	340058_0_9	0
1	370689_4_15	0
1	272167_0_33	1
1	340869_8_19	0
1	202752_31_0	0
1	108353_0_3	0
1	254798_0_2	0
1	144152_2_12	0
1	444124_0_19	1
1	237584_2_16	0
1	501579_0_5	0
1	335577_0_21	0
1	33805_0_14	1
1	418927_0_24	0
1	479845_0_2	1
1	352622_0_3	1
1	538142_0_33	1
1	484467_6_6	0
1	319908_0_1	1
1	403604_7_4	0
1	404249_0_2	1
1	74780_0_27	1
1	358586_2_9	0
1	118136_4_6	0
1	70612_1_0	0
1	299820_1_4	0
1	155591_0_25	1
1	307266_0_19	0
1	508064_0_22	0
1	71952_0_50	1
1	351742_0_167	0
1	338226_6_11	1
1	344051_0_19	0
1	493107_0_39	1
1	454750_1_26	0
1	103670_0_12	1
1	81352_1_13	1
1	188517_0_40	0
1	165639_0_9	1
1	205289_0_3	1
1	29811_0_14	1
1	389930_0_0	0
1	7863_0_0	0
1	521876_0_35	0
1	296909_3_3	0
1	98351_0_154	0
1	56123_4_10	0
1	107217_0_55	0
1	98141_0_20	0
1	22421_0_12	0
1	244808_0_14	0
1	148105_0_5	1
1	311953_1_75	1
1	351503_0_15	1
1	98295_9_15	0
1	98351_0_132	0
1	9747_0_6	1
1	370278_6_6	0
1	207717_1_6	0
1	232558_1_5	0
1	530457_1_4	0
1	54095_0_12	0
1	459032_0_17	1
1	262761_4_30	1
1	276038_0_15	0
1	278551_0_63	0
1	107093_32_0	1
1	157218_4_7	1
1	202462_0_26	0
1	53129_0_2	0
1	184278_0_3	0
1	394060_0_1	0
1	250221_0_22	1
1	109925_0_18	1
1	244775_1_5	0
1	91726_7_2	0
1	5329_0_24	0
1	260909_0_19	1
1	475048_0_29	1
1	371633_3_3	0
1	98351_3_155	0
1	263336_1_0	0
1	489925_6_72	1
1	57094_4_0	1
1	156158_0_36	1
1	371851_0_24	1
1	310905_3_10	0
1	98058_0_3	0
1	296046_0_2	0
1	354714_0_42	0
1	114823_0_54	1
1	428079_16_90	0
1	205379_0_40	0
1	518585_0_8	0
1	399526_0_19	0
1	436630_0_36	0
1	122877_0_9	0
1	305643_0_1	1
1	243962_7_29	0
1	98248_0_26	0
1	449118_0_12	0
1	242083_0_9	0
1	219114_0_3	0
1	129704_6_5	0
1	214535_2_17	0
1	317665_0_13	0
1	369013_0_36	0
1	115610_0_1	0
1	516725_0_11	0
1	268819_0_1	0
1	71950_4_4	0
1	4113_0_4	0
1	103229_1_5	0
1	146727_1_13	1
1	315150_0_5	1
1	40040_0_2	0
1	101956_0_41	0
1	532862_3_18	1
1	422504_0_37	0
1	382664_0_10	1
1	22421_0_13	0
1	142779_0_44	1
1	171707_1_12	1
1	98400_1_28	0
1	67035_0_30	0
1	267005_0_17	1
1	91726_8_4	0
1	98295_9_30	0
1	301175_0_0	0
1	190639_0_3	0
1	196457_0_18	1
1	99780_5_23	0
1	12499_0_107	0
1	272215_6_8	1
1	175849_0_13	0
1	375405_0_30	1
1	320687_0_0	0
1	130526_0_5	1
1	10336_1_27	0
1	78372_0_1	0
1	171081_0_15	0
1	491162_0_6	0
1	97834_0_27	0
1	98720_0_0	0
1	166485_2_36	1
1	284846_0_5	1
1	80211_3_1	0
1	127058_0_7	1
1	16002_1_2	1
1	93634_0_1	0
1	156674_0_2	0
1	78726_0_10	0
1	424401_1_20	1
1	312436_0_40	0
1	447086_0_17	0
1	399340_0_10	0
1	501954_0_66	0
1	322622_0_22	1
1	414416_0_122	1
1	105395_0_16	1
1	379193_0_18	1
1	297147_0_0	0
1	514532_0_9	0
1	360817_0_1	0
1	444124_0_11	1
1	277002_4_16	1
1	448812_3_16	1
1	138275_0_25	1
1	13124_0_6	1
1	312125_2_5	0
1	542158_0_30	1
1	478789_2_1	0
1	493891_0_4	1
1	168612_2_10	0
1	295328_0_13	0
1	307381_9_0	0
1	263864_2_20	0
1	180332_1_17	0
1	19762_0_3	0
1	539367_5_7	1
1	471324_0_71	1
1	541001_0_17	0
1	146886_3_3	1
1	186848_0_27	1
1	100646_0_5	0
1	98265_1_6	0
1	498938_0_8	0
1	22421_0_17	0
1	226926_0_6	0
1	53178_1_4	1
1	98738_1_23	0
1	479372_1_39	0
1	471772_2_4	0
1	180332_0_17	1
1	476450_0_11	1
1	392657_6_8	0
1	71703_0_16	1
1	183649_1_4	0
1	98351_2_154	0
1	543611_0_34	1
1	23572_24_1	0
1	278756_0_37	0
1	231985_0_4	0
1	114035_1_2	0
1	315024_0_1	0
1	512574_0_24	0
1	549182_0_14	0
1	332889_6_0	0
1	2025_0_2	0
1	53610_70_3	0
1	534015_1_2	1
1	546947_2_5	0
1	47388_0_12	0
1	4506_0_26	1
1	452739_0_34	1
1	398344_0_13	0
1	43797_0_38	0
1	1171_6_2	0
1	547686_0_24	0
1	98141_0_15	0
1	143817_0_1	0
1	75620_0_21	1
1	441649_0_6	0
1	101923_3_5	1
1	98699_0_17	0
1	548749_0_37	1
1	405573_19_11	0
1	201758_0_33	0
1	513540_3_3	0
1	321849_0_0	0
1	85909_2_69	0
1	309750_1_13	0
1	115999_8_20	1
1	120687_1_1	0
1	120435_4_26	1
1	459771_1_0	1
1	398329_0_13	1
1	358595_1_4	0
1	69343_4_0	0
1	213089_3_10	0
1	98629_0_20	0
1	347426_0_28	1
1	89673_1_0	0
1	310696_0_21	0
1	450179_3_21	0
1	535333_0_0	0
1	219707_0_9	0
1	441745_2_4	0
1	213296_0_31	1
1	305188_0_25	0
1	489958_1_2	0
1	321312_0_3	0
1	25661_0_8	1
1	480755_6_1	0
1	146727_1_35	0
1	436456_3_6	0
1	212257_5_48	1
1	96006_0_3	0
1	380031_1_2	1
1	298474_0_1	0
1	49909_5_23	0
1	176738_1_23	0
1	315150_0_10	0
1	151759_0_3	0
1	96645_0_4	0
1	98474_0_3	1
1	396160_0_18	1
1	115805_5_0	0
1	2062_1_71	1
1	70885_0_13	0
1	98351_1_132	0
1	8120_1_17	1
1	328577_0_9	0
1	104774_0_0	0
1	188117_2_0	0
1	123335_7_1	1
1	513861_0_20	1
1	98453_0_13	0
1	496755_0_47	1
1	232807_0_12	0
1	228416_0_6	1
1	80554_0_0	0
1	502779_0_40	1
1	32860_0_0	0
1	114870_0_4	0
1	134515_0_18	0
1	431268_0_4	0
1	452122_0_0	0
1	317520_0_6	0
1	91726_2_1	0
1	505500_1_6	1
1	186393_5_14	0
1	342322_0_36	1
1	509349_1_31	1
1	173160_1_41	0
1	53610_70_2	1
1	98588_0_7	0
1	252667_0_8	1
1	523863_0_15	1
1	165701_0_1	1
1	268306_0_21	1
1	313728_2_50	1
1	289382_0_6	0
1	322036_0_5	1
1	244773_0_28	1
1	253447_0_34	0
1	416566_0_12	1
1	269094_3_2	1
1	42101_25_5	1
1	24243_1_34	1
1	279777_0_0	0
1	270405_0_14	0
1	304339_8_0	1
1	193791_0_23	1
1	258411_9_0	0
1	402458_0_0	0
1	299648_0_4	0
1	54630_7_14	0
1	69254_0_24	0
1	469235_0_37	1
1	100853_1_8	0
1	8050_0_7	1
1	104147_1_0	0
1	232619_0_63	1
1	119445_5_5	1
1	127112_0_4	0
1	335727_0_17	0
1	14412_0_2	0
1	47686_0_16	1
1	335397_2_14	1
1	205928_1_19	0
1	307271_0_1	0
1	488350_0_0	0
1	295327_0_49	0
1	10661_0_14	0
1	244915_0_84	1
1	113666_0_15	1
1	390177_3_27	0
1	67813_0_61	0
1	276358_0_38	0
1	33805_0_11	1
1	98678_0_5	0
1	121218_1_3	1
1	542029_0_32	1
1	543478_0_42	0
1	15911_0_0	0
1	23426_0_0	0
1	552105_0_0	0
1	91726_6_1	0
1	8176_0_27	1
1	98351_4_154	0
1	500592_0_27	1
1	307188_0_2	0
1	130041_1_18	1
1	98501_0_1	0
1	446184_0_4	0
1	407749_1_13	0
1	203228_0_17	1
1	530328_0_2	0
1	91726_4_2	0
1	414994_1_5	0
1	251040_0_46	0
1	433194_0_3	1
1	461561_0_34	1
1	200586_0_14	0
1	98974_0_21	1
1	494943_0_24	1
1	344682_1_4	0
1	149221_0_11	0
1	536683_0_6	1
1	234756_3_7	0
1	370948_0_1	0
1	157210_0_105	1
1	301762_0_0	0
1	98604_1_8	1
1	260586_0_60	0
1	523930_1_14	1
1	493592_0_35	1
1	428606_3_29	1
2	185694_0_5	1
2	235884_0_2	1
2	355050_0_19	1
2	46619_1_12	0
2	408793_0_31	0
2	446899_0_179	1
2	27490_0_28	1
2	237317_2_5	1
2	283493_0_78	1
2	436970_0_35	0
2	278422_0_5	1
2	156101_0_0	0
2	389185_0_1	0
2	300088_0_1	0
2	98138_0_12	0
2	98429_0_53	0
2	339841_0_11	0
2	246964_0_2	0
2	98705_0_29	1
2	456802_1_1	1
2	38322_2_0	1
2	492215_0_9	0
2	326167_3_13	1
2	272670_0_1	0
2	514446_0_14	1
2	29157_0_20	0
2	98351_3_133	0
2	82221_0_11	1
2	551598_1_48	1
2	98878_0_30	0
2	460994_0_2	1
2	177786_2_18	1
2	486853_4_18	1
2	417754_0_6	0
2	108669_1_7	0
2	98265_1_9	0
2	259089_0_15	1
2	245607_0_126	1
2	98836_0_28	0
2	510722_0_21	1
2	184535_1_24	1
2	328976_0_10	0
2	195181_7_30	0
2	539311_2_16	0
2	449452_1_8	1
2	523964_1_10	1
2	474879_0_23	1
2	67513_0_10	0
2	445668_0_38	0
2	180975_0_27	0
2	91726_5_3	0
2	204291_0_14	1
2	281308_0_1	1
2	272829_0_33	1
2	27490_0_32	1
2	243962_5_30	0
2	550517_4_16	1
2	290691_0_20	0
2	393537_38_18	1
2	441384_21_21	1
2	98141_0_23	0
2	319977_1_9	0
2	99306_27_5	0
2	254718_0_43	1
2	493739_0_18	1
2	98847_0_3	0
2	53517_0_128	1
2	447933_1_35	1
2	225643_4_0	0
2	98302_0_37	0
2	98484_0_11	0
2	98265_1_4	1
2	53321_0_12	0
2	543292_0_10	0
2	46214_0_42	0
2	34229_1_0	0
2	128699_0_1	0
2	240410_0_38	1
2	176883_0_12	0
2	205783_0_8	0
2	124203_0_13	1
2	208189_0_66	1
2	107093_33_0	1
2	428606_3_18	1
2	137886_0_7	1
2	332277_0_3	0
2	374027_1_4	0
2	65827_2_3	1
2	413753_0_15	1
2	70811_0_2	0
2	98174_0_30	0
2	117607_2_5	0
2	337313_0_1	0
2	98351_1_154	0
2	109596_0_22	1
2	208603_0_25	1
2	98488_0_29	0
2	298421_0_41	1
2	210140_0_25	1
2	299680_1_4	1
2	390205_1_14	1
2	417173_0_51	1
2	117271_0_29	1
2	401657_0_3	0
2	363962_1_6	0
2	323409_0_9	0
2	98699_1_14	0
2	163275_0_9	1
2	94552_0_13	0
2	438775_0_3	1
2	364295_0_4	1
2	45368_0_4	1
2	1890_1_25	0
2	288008_0_3	1
2	115999_4_6	0
2	349624_0_1	0
2	346606_0_0	0
2	187769_0_41	1
2	225651_0_11	0
2	253230_1_8	1
2	216754_0_15	1
2	179839_0_22	0
2	91726_0_8	0
2	297820_2_15	0
2	188426_0_7	0
2	91726_1_3	0
2	453713_2_28	1
2	506814_0_70	1
2	130135_0_114	1
2	520381_0_26	0
2	281932_1_0	0
2	98289_0_4	1
2	152581_2_12	1
2	258883_2_28	0
2	177917_0_8	1
2	270611_0_1	0
2	133340_0_8	1
2	372695_0_13	0
2	79900_0_5	1
2	225328_3_32	1
2	146764_0_21	0
2	19977_0_48	1
2	21919_0_4	0
2	51366_0_15	1
2	546409_0_6	1
2	98460_2_14	0
2	178043_1_9	1
2	526149_0_10	1
2	333649_0_8	0
2	459032_0_19	1
2	479388_2_13	0
2	314738_0_1	0
2	232413_0_7	0
2	110635_0_12	0
2	116107_0_164	0
2	220565_0_2	0
2	488217_0_0	0
2	98731_0_24	0
2	276247_0_15	1
2	366098_0_21	1
2	467203_0_4	0
2	139144_1_3	0
2	375110_0_32	1
2	300835_0_5	1
2	382505_0_63	1
2	468558_0_7	1
2	98351_2_132	0
2	74518_0_4	0
2	209740_0_5	1
2	331664_1_9	1
2	289495_0_1	0
2	309830_0_7	0
2	540288_0_39	0
2	506491_0_10	0
2	551795_0_3	0
2	403440_3_15	1
2	98351_4_132	0
2	542812_0_2	0
2	188117_1_0	0
2	510931_0_26	1
2	421487_0_0	0
2	424503_0_22	1
2	368747_0_6	1
2	89735_0_8	0
2	183179_0_5	0
2	284006_0_23	0
2	464374_0_3	0
2	433191_1_8	1
2	450179_2_21	0
2	167586_3_19	0
2	47029_0_23	0
2	127562_1_7	1
2	81708_2_4	1
2	54854_11_10	0
2	108654_0_12	1
2	466020_0_5	0
2	82829_0_0	0
2	98351_5_155	0
2	400027_0_8	0
2	241073_0_2	1
2	548749_1_39	0
2	466652_0_0	0
2	49793_1_16	0
2	422205_0_16	1
2	445405_0_21	1
2	56383_0_21	0
2	98431_0_9	0
2	168422_0_73	1
2	45617_0_10	1
2	242083_0_3	0
2	360441_12_36	0
2	193625_0_36	1
2	358566_0_3	1
2	467457_1_1	0
2	161938_3_16	0
2	98351_5_133	0
2	120665_0_23	0
2	274072_2_9	1
2	40114_19_27	1
2	122296_0_20	1
2	98412_0_4	0
2	34609_0_17	1
2	48336_0_11	0
2	510184_0_54	0
2	287911_0_15	0
2	363358_2_3	0
2	295779_1_3	1
2	526708_0_2	1
2	321671_0_2	0
2	47471_0_12	0
2	340058_0_9	0
2	370689_4_15	0
2	272167_0_33	1
2	340869_8_19	0
2	202752_31_0	0
2	108353_0_3	0
2	254798_0_2	0
2	144152_2_12	0
2	444124_0_19	1
2	237584_2_16	0
2	501579_0_5	0
2	335577_0_21	0
2	33805_0_14	1
2	418927_0_24	0
2	479845_0_2	1
2	352622_0_3	1
2	538142_0_33	1
2	484467_6_6	0
2	319908_0_1	1
2	403604_7_4	0
2	404249_0_2	1
2	74780_0_27	1
2	358586_2_9	0
2	118136_4_6	0
2	70612_1_0	0
2	299820_1_4	0
2	155591_0_25	1
2	307266_0_19	0
2	508064_0_22	0
2	71952_0_50	1
2	351742_0_167	0
2	338226_6_11	1
2	344051_0_19	0
2	493107_0_39	1
2	454750_1_26	0
2	103670_0_12	1
2	81352_1_13	1
2	188517_0_40	0
2	165639_0_9	1
2	205289_0_3	1
2	29811_0_14	1
2	389930_0_0	0
2	7863_0_0	0
2	521876_0_35	0
2	296909_3_3	0
2	98351_0_154	0
2	56123_4_10	0
2	107217_0_55	0
2	98141_0_20	0
2	22421_0_12	0
2	244808_0_14	0
2	148105_0_5	1
2	311953_1_75	1
2	351503_0_15	1
2	98295_9_15	0
2	98351_0_132	0
2	9747_0_6	1
2	370278_6_6	0
2	207717_1_6	0
2	232558_1_5	0
2	530457_1_4	0
2	54095_0_12	0
2	459032_0_17	1
2	262761_4_30	1
2	276038_0_15	0
2	278551_0_63	0
2	107093_32_0	1
2	157218_4_7	1
2	202462_0_26	0
2	53129_0_2	0
2	184278_0_3	0
2	394060_0_1	0
2	250221_0_22	1
2	109925_0_18	1
2	244775_1_5	0
2	91726_7_2	0
2	5329_0_24	0
2	260909_0_19	1
2	475048_0_29	1
2	371633_3_3	0
2	98351_3_155	0
2	263336_1_0	0
2	489925_6_72	1
2	57094_4_0	1
2	156158_0_36	1
2	371851_0_24	1
2	310905_3_10	0
2	98058_0_3	0
2	296046_0_2	0
2	354714_0_42	0
2	114823_0_54	1
2	428079_16_90	0
2	205379_0_40	0
2	518585_0_8	0
2	399526_0_19	0
2	436630_0_36	0
2	122877_0_9	0
2	305643_0_1	1
2	243962_7_29	0
2	98248_0_26	0
2	449118_0_12	0
2	242083_0_9	0
2	219114_0_3	0
2	129704_6_5	0
2	214535_2_17	0
2	317665_0_13	0
2	369013_0_36	0
2	115610_0_1	0
2	516725_0_11	0
2	268819_0_1	0
2	71950_4_4	0
2	4113_0_4	0
2	103229_1_5	0
2	146727_1_13	1
2	315150_0_5	1
2	40040_0_2	0
2	101956_0_41	0
2	532862_3_18	1
2	422504_0_37	0
2	382664_0_10	1
2	22421_0_13	0
2	142779_0_44	1
2	171707_1_12	1
2	98400_1_28	0
2	67035_0_30	0
2	267005_0_17	1
2	91726_8_4	0
2	98295_9_30	0
2	301175_0_0	0
2	190639_0_3	0
2	196457_0_18	1
2	99780_5_23	0
2	12499_0_107	0
2	272215_6_8	1
2	175849_0_13	0
2	375405_0_30	1
2	320687_0_0	0
2	130526_0_5	1
2	10336_1_27	0
2	78372_0_1	0
2	171081_0_15	0
2	491162_0_6	0
2	97834_0_27	0
2	98720_0_0	0
2	166485_2_36	1
2	284846_0_5	1
2	80211_3_1	0
2	127058_0_7	1
2	16002_1_2	1
2	93634_0_1	0
2	156674_0_2	0
2	78726_0_10	0
2	424401_1_20	1
2	312436_0_40	0
2	447086_0_17	0
2	399340_0_10	0
2	501954_0_66	0
2	322622_0_22	1
2	414416_0_122	1
2	105395_0_16	1
2	379193_0_18	1
2	297147_0_0	0
2	514532_0_9	0
2	360817_0_1	0
2	444124_0_11	1
2	277002_4_16	1
2	448812_3_16	1
2	138275_0_25	1
2	13124_0_6	1
2	312125_2_5	0
2	542158_0_30	1
2	478789_2_1	0
2	493891_0_4	1
2	168612_2_10	0
2	295328_0_13	0
2	307381_9_0	0
2	263864_2_20	0
2	180332_1_17	0
2	19762_0_3	0
2	539367_5_7	1
2	471324_0_71	1
2	541001_0_17	0
2	146886_3_3	1
2	186848_0_27	1
2	100646_0_5	0
2	98265_1_6	0
2	498938_0_8	0
2	22421_0_17	0
2	226926_0_6	0
2	53178_1_4	1
2	98738_1_23	0
2	479372_1_39	0
2	471772_2_4	0
2	180332_0_17	1
2	476450_0_11	1
2	392657_6_8	0
2	71703_0_16	1
2	183649_1_4	0
2	98351_2_154	0
2	543611_0_34	1
2	23572_24_1	0
2	278756_0_37	0
2	231985_0_4	0
2	114035_1_2	0
2	315024_0_1	0
2	512574_0_24	0
2	549182_0_14	0
2	332889_6_0	0
2	2025_0_2	0
2	53610_70_3	0
2	534015_1_2	1
2	546947_2_5	0
2	47388_0_12	0
2	4506_0_26	1
2	452739_0_34	1
2	398344_0_13	0
2	43797_0_38	0
2	1171_6_2	0
2	547686_0_24	0
2	98141_0_15	0
2	143817_0_1	0
2	75620_0_21	1
2	441649_0_6	0
2	101923_3_5	1
2	98699_0_17	0
2	548749_0_37	1
2	405573_19_11	0
2	201758_0_33	0
2	513540_3_3	0
2	321849_0_0	0
2	85909_2_69	0
2	309750_1_13	0
2	115999_8_20	1
2	120687_1_1	0
2	120435_4_26	1
2	459771_1_0	1
2	398329_0_13	1
2	358595_1_4	0
2	69343_4_0	0
2	213089_3_10	0
2	98629_0_20	0
2	347426_0_28	1
2	89673_1_0	0
2	310696_0_21	0
2	450179_3_21	0
2	535333_0_0	0
2	219707_0_9	0
2	441745_2_4	0
2	213296_0_31	1
2	305188_0_25	0
2	489958_1_2	0
2	321312_0_3	0
2	25661_0_8	1
2	480755_6_1	0
2	146727_1_35	0
2	436456_3_6	0
2	212257_5_48	1
2	96006_0_3	0
2	380031_1_2	1
2	298474_0_1	0
2	49909_5_23	0
2	176738_1_23	0
2	315150_0_10	0
2	151759_0_3	0
2	96645_0_4	0
2	98474_0_3	1
2	396160_0_18	1
2	115805_5_0	0
2	2062_1_71	1
2	70885_0_13	0
2	98351_1_132	0
2	8120_1_17	1
2	328577_0_9	0
2	104774_0_0	0
2	188117_2_0	0
2	123335_7_1	1
2	513861_0_20	1
2	98453_0_13	0
2	496755_0_47	1
2	232807_0_12	0
2	228416_0_6	1
2	80554_0_0	0
2	502779_0_40	1
2	32860_0_0	0
2	114870_0_4	0
2	134515_0_18	0
2	431268_0_4	0
2	452122_0_0	0
2	317520_0_6	0
2	91726_2_1	0
2	505500_1_6	1
2	186393_5_14	0
2	342322_0_36	1
2	509349_1_31	1
2	173160_1_41	0
2	53610_70_2	1
2	98588_0_7	0
2	252667_0_8	1
2	523863_0_15	1
2	165701_0_1	1
2	268306_0_21	1
2	313728_2_50	1
2	289382_0_6	0
2	322036_0_5	1
2	244773_0_28	1
2	253447_0_34	0
2	416566_0_12	1
2	269094_3_2	1
2	42101_25_5	1
2	24243_1_34	1
2	279777_0_0	0
2	270405_0_14	0
2	304339_8_0	1
2	193791_0_23	1
2	258411_9_0	0
2	402458_0_0	0
2	299648_0_4	0
2	54630_7_14	0
2	69254_0_24	0
2	469235_0_37	1
2	100853_1_8	0
2	8050_0_7	1
2	104147_1_0	0
2	232619_0_63	1
2	119445_5_5	1
2	127112_0_4	0
2	335727_0_17	0
2	14412_0_2	0
2	47686_0_16	1
2	335397_2_14	1
2	205928_1_19	0
2	307271_0_1	0
2	488350_0_0	0
2	295327_0_49	0
2	10661_0_14	0
2	244915_0_84	1
2	113666_0_15	1
2	390177_3_27	0
2	67813_0_61	0
2	276358_0_38	0
2	33805_0_11	1
2	98678_0_5	0
2	121218_1_3	1
2	542029_0_32	1
2	543478_0_42	0
2	15911_0_0	0
2	23426_0_0	0
2	552105_0_0	0
2	91726_6_1	0
2	8176_0_27	1
2	98351_4_154	0
2	500592_0_27	1
2	307188_0_2	0
2	130041_1_18	1
2	98501_0_1	0
2	446184_0_4	0
2	407749_1_13	0
2	203228_0_17	1
2	530328_0_2	0
2	91726_4_2	0
2	414994_1_5	0
2	251040_0_46	0
2	433194_0_3	1
2	461561_0_34	1
2	200586_0_14	0
2	98974_0_21	1
2	494943_0_24	1
2	344682_1_4	0
2	149221_0_11	0
2	536683_0_6	1
2	234756_3_7	0
2	370948_0_1	0
2	157210_0_105	1
2	301762_0_0	0
2	98604_1_8	1
2	260586_0_60	0
2	523930_1_14	1
2	493592_0_35	1
2	428606_3_29	1
3	185694_0_5	1
3	235884_0_2	1
3	355050_0_19	1
3	46619_1_12	0
3	408793_0_31	0
3	446899_0_179	1
3	27490_0_28	1
3	237317_2_5	1
3	283493_0_78	1
3	436970_0_35	0
3	278422_0_5	1
3	156101_0_0	0
3	389185_0_1	0
3	300088_0_1	0
3	98138_0_12	0
3	98429_0_53	0
3	339841_0_11	0
3	246964_0_2	0
3	98705_0_29	1
3	456802_1_1	1
3	38322_2_0	1
3	492215_0_9	0
3	326167_3_13	1
3	272670_0_1	0
3	514446_0_14	1
3	29157_0_20	0
3	98351_3_133	0
3	82221_0_11	1
3	551598_1_48	1
3	98878_0_30	0
3	460994_0_2	1
3	177786_2_18	1
3	486853_4_18	1
3	417754_0_6	0
3	108669_1_7	0
3	98265_1_9	0
3	259089_0_15	1
3	245607_0_126	1
3	98836_0_28	0
3	510722_0_21	1
3	184535_1_24	1
3	328976_0_10	0
3	195181_7_30	0
3	539311_2_16	0
3	449452_1_8	1
3	523964_1_10	1
3	474879_0_23	1
3	67513_0_10	0
3	445668_0_38	0
3	180975_0_27	0
3	91726_5_3	0
3	204291_0_14	1
3	281308_0_1	1
3	272829_0_33	1
3	27490_0_32	1
3	243962_5_30	0
3	550517_4_16	1
3	290691_0_20	0
3	393537_38_18	1
3	441384_21_21	1
3	98141_0_23	0
3	319977_1_9	0
3	99306_27_5	0
3	254718_0_43	1
3	493739_0_18	1
3	98847_0_3	0
3	53517_0_128	1
3	447933_1_35	1
3	225643_4_0	0
3	98302_0_37	0
3	98484_0_11	0
3	98265_1_4	1
3	53321_0_12	0
3	543292_0_10	0
3	46214_0_42	0
3	34229_1_0	0
3	128699_0_1	0
3	240410_0_38	1
3	176883_0_12	0
3	205783_0_8	0
3	124203_0_13	1
3	208189_0_66	1
3	107093_33_0	1
3	428606_3_18	1
3	137886_0_7	1
3	332277_0_3	0
3	374027_1_4	0
3	65827_2_3	1
3	413753_0_15	1
3	70811_0_2	0
3	98174_0_30	0
3	117607_2_5	0
3	337313_0_1	0
3	98351_1_154	0
3	109596_0_22	1
3	208603_0_25	1
3	98488_0_29	0
3	298421_0_41	1
3	210140_0_25	1
3	299680_1_4	1
3	390205_1_14	1
3	417173_0_51	1
3	117271_0_29	1
3	401657_0_3	0
3	363962_1_6	0
3	323409_0_9	0
3	98699_1_14	0
3	163275_0_9	1
3	94552_0_13	0
3	438775_0_3	1
3	364295_0_4	1
3	45368_0_4	1
3	1890_1_25	0
3	288008_0_3	1
3	115999_4_6	0
3	349624_0_1	0
3	346606_0_0	0
3	187769_0_41	1
3	225651_0_11	0
3	253230_1_8	1
3	216754_0_15	1
3	179839_0_22	0
3	91726_0_8	0
3	297820_2_15	0
3	188426_0_7	0
3	91726_1_3	0
3	453713_2_28	1
3	506814_0_70	1
3	130135_0_114	1
3	520381_0_26	0
3	281932_1_0	0
3	98289_0_4	1
3	152581_2_12	1
3	258883_2_28	0
3	177917_0_8	1
3	270611_0_1	0
3	133340_0_8	1
3	372695_0_13	0
3	79900_0_5	1
3	225328_3_32	1
3	146764_0_21	0
3	19977_0_48	1
3	21919_0_4	0
3	51366_0_15	1
3	546409_0_6	1
3	98460_2_14	0
3	178043_1_9	1
3	526149_0_10	1
3	333649_0_8	0
3	459032_0_19	1
3	479388_2_13	0
3	314738_0_1	0
3	232413_0_7	0
3	110635_0_12	0
3	116107_0_164	0
3	220565_0_2	0
3	488217_0_0	0
3	98731_0_24	0
3	276247_0_15	1
3	366098_0_21	1
3	467203_0_4	0
3	139144_1_3	0
3	375110_0_32	1
3	300835_0_5	1
3	382505_0_63	1
3	468558_0_7	1
3	98351_2_132	0
3	74518_0_4	0
3	209740_0_5	1
3	331664_1_9	1
3	289495_0_1	0
3	309830_0_7	0
3	540288_0_39	0
3	506491_0_10	0
3	551795_0_3	0
3	403440_3_15	1
3	98351_4_132	0
3	542812_0_2	0
3	188117_1_0	0
3	510931_0_26	1
3	421487_0_0	0
3	424503_0_22	1
3	368747_0_6	1
3	89735_0_8	0
3	183179_0_5	0
3	284006_0_23	0
3	464374_0_3	0
3	433191_1_8	1
3	450179_2_21	0
3	167586_3_19	0
3	47029_0_23	0
3	127562_1_7	1
3	81708_2_4	1
3	54854_11_10	0
3	108654_0_12	1
3	466020_0_5	0
3	82829_0_0	0
3	98351_5_155	0
3	400027_0_8	0
3	241073_0_2	1
3	548749_1_39	0
3	466652_0_0	0
3	49793_1_16	0
3	422205_0_16	1
3	445405_0_21	1
3	56383_0_21	0
3	98431_0_9	0
3	168422_0_73	1
3	45617_0_10	1
3	242083_0_3	0
3	360441_12_36	0
3	193625_0_36	1
3	358566_0_3	1
3	467457_1_1	0
3	161938_3_16	0
3	98351_5_133	0
3	120665_0_23	0
3	274072_2_9	1
3	40114_19_27	1
3	122296_0_20	1
3	98412_0_4	0
3	34609_0_17	1
3	48336_0_11	0
3	510184_0_54	0
3	287911_0_15	0
3	363358_2_3	0
3	295779_1_3	1
3	526708_0_2	1
3	321671_0_2	0
3	47471_0_12	0
3	340058_0_9	0
3	370689_4_15	0
3	272167_0_33	1
3	340869_8_19	0
3	202752_31_0	0
3	108353_0_3	0
3	254798_0_2	0
3	144152_2_12	0
3	444124_0_19	1
3	237584_2_16	0
3	501579_0_5	0
3	335577_0_21	0
3	33805_0_14	1
3	418927_0_24	0
3	479845_0_2	1
3	352622_0_3	1
3	538142_0_33	1
3	484467_6_6	0
3	319908_0_1	1
3	403604_7_4	0
3	404249_0_2	1
3	74780_0_27	1
3	358586_2_9	0
3	118136_4_6	0
3	70612_1_0	0
3	299820_1_4	0
3	155591_0_25	1
3	307266_0_19	0
3	508064_0_22	0
3	71952_0_50	1
3	351742_0_167	0
3	338226_6_11	1
3	344051_0_19	0
3	493107_0_39	1
3	454750_1_26	0
3	103670_0_12	1
3	81352_1_13	1
3	188517_0_40	0
3	165639_0_9	1
3	205289_0_3	1
3	29811_0_14	1
3	389930_0_0	0
3	7863_0_0	0
3	521876_0_35	0
3	296909_3_3	0
3	98351_0_154	0
3	56123_4_10	0
3	107217_0_55	0
3	98141_0_20	0
3	22421_0_12	0
3	244808_0_14	0
3	148105_0_5	1
3	311953_1_75	1
3	351503_0_15	1
3	98295_9_15	0
3	98351_0_132	0
3	9747_0_6	1
3	370278_6_6	0
3	207717_1_6	0
3	232558_1_5	0
3	530457_1_4	0
3	54095_0_12	0
3	459032_0_17	1
3	262761_4_30	1
3	276038_0_15	0
3	278551_0_63	0
3	107093_32_0	1
3	157218_4_7	1
3	202462_0_26	0
3	53129_0_2	0
3	184278_0_3	0
3	394060_0_1	0
3	250221_0_22	1
3	109925_0_18	1
3	244775_1_5	0
3	91726_7_2	0
3	5329_0_24	0
3	260909_0_19	1
3	475048_0_29	1
3	371633_3_3	0
3	98351_3_155	0
3	263336_1_0	0
3	489925_6_72	1
3	57094_4_0	1
3	156158_0_36	1
3	371851_0_24	1
3	310905_3_10	0
3	98058_0_3	0
3	296046_0_2	0
3	354714_0_42	0
3	114823_0_54	1
3	428079_16_90	0
3	205379_0_40	0
3	518585_0_8	0
3	399526_0_19	0
3	436630_0_36	0
3	122877_0_9	0
3	305643_0_1	1
3	243962_7_29	0
3	98248_0_26	0
3	449118_0_12	0
3	242083_0_9	0
3	219114_0_3	0
3	129704_6_5	0
3	214535_2_17	0
3	317665_0_13	0
3	369013_0_36	0
3	115610_0_1	0
3	516725_0_11	0
3	268819_0_1	0
3	71950_4_4	0
3	4113_0_4	0
3	103229_1_5	0
3	146727_1_13	1
3	315150_0_5	1
3	40040_0_2	0
3	101956_0_41	0
3	532862_3_18	1
3	422504_0_37	0
3	382664_0_10	1
3	22421_0_13	0
3	142779_0_44	1
3	171707_1_12	1
3	98400_1_28	0
3	67035_0_30	0
3	267005_0_17	1
3	91726_8_4	0
3	98295_9_30	0
3	301175_0_0	0
3	190639_0_3	0
3	196457_0_18	1
3	99780_5_23	0
3	12499_0_107	0
3	272215_6_8	1
3	175849_0_13	0
3	375405_0_30	1
3	320687_0_0	0
3	130526_0_5	1
3	10336_1_27	0
3	78372_0_1	0
3	171081_0_15	0
3	491162_0_6	0
3	97834_0_27	0
3	98720_0_0	0
3	166485_2_36	1
3	284846_0_5	1
3	80211_3_1	0
3	127058_0_7	1
3	16002_1_2	1
3	93634_0_1	0
3	156674_0_2	0
3	78726_0_10	0
3	424401_1_20	1
3	312436_0_40	0
3	447086_0_17	0
3	399340_0_10	0
3	501954_0_66	0
3	322622_0_22	1
3	414416_0_122	1
3	105395_0_16	1
3	379193_0_18	1
3	297147_0_0	0
3	514532_0_9	0
3	360817_0_1	0
3	444124_0_11	1
3	277002_4_16	1
3	448812_3_16	1
3	138275_0_25	1
3	13124_0_6	1
3	312125_2_5	0
3	542158_0_30	1
3	478789_2_1	0
3	493891_0_4	1
3	168612_2_10	0
3	295328_0_13	0
3	307381_9_0	0
3	263864_2_20	0
3	180332_1_17	0
3	19762_0_3	0
3	539367_5_7	1
3	471324_0_71	1
3	541001_0_17	0
3	146886_3_3	1
3	186848_0_27	1
3	100646_0_5	0
3	98265_1_6	0
3	498938_0_8	0
3	22421_0_17	0
3	226926_0_6	0
3	53178_1_4	1
3	98738_1_23	0
3	479372_1_39	0
3	471772_2_4	0
3	180332_0_17	1
3	476450_0_11	1
3	392657_6_8	0
3	71703_0_16	1
3	183649_1_4	0
3	98351_2_154	0
3	543611_0_34	1
3	23572_24_1	0
3	278756_0_37	0
3	231985_0_4	0
3	114035_1_2	0
3	315024_0_1	0
3	512574_0_24	0
3	549182_0_14	0
3	332889_6_0	0
3	2025_0_2	0
3	53610_70_3	0
3	534015_1_2	1
3	546947_2_5	0
3	47388_0_12	0
3	4506_0_26	1
3	452739_0_34	1
3	398344_0_13	0
3	43797_0_38	0
3	1171_6_2	0
3	547686_0_24	0
3	98141_0_15	0
3	143817_0_1	0
3	75620_0_21	1
3	441649_0_6	0
3	101923_3_5	1
3	98699_0_17	0
3	548749_0_37	1
3	405573_19_11	0
3	201758_0_33	0
3	513540_3_3	0
3	321849_0_0	0
3	85909_2_69	0
3	309750_1_13	0
3	115999_8_20	1
3	120687_1_1	0
3	120435_4_26	1
3	459771_1_0	1
3	398329_0_13	1
3	358595_1_4	0
3	69343_4_0	0
3	213089_3_10	0
3	98629_0_20	0
3	347426_0_28	1
3	89673_1_0	0
3	310696_0_21	0
3	450179_3_21	0
3	535333_0_0	0
3	219707_0_9	0
3	441745_2_4	0
3	213296_0_31	1
3	305188_0_25	0
3	489958_1_2	0
3	321312_0_3	0
3	25661_0_8	1
3	480755_6_1	0
3	146727_1_35	0
3	436456_3_6	0
3	212257_5_48	1
3	96006_0_3	0
3	380031_1_2	1
3	298474_0_1	0
3	49909_5_23	0
3	176738_1_23	0
3	315150_0_10	0
3	151759_0_3	0
3	96645_0_4	0
3	98474_0_3	1
3	396160_0_18	1
3	115805_5_0	0
3	2062_1_71	1
3	70885_0_13	0
3	98351_1_132	0
3	8120_1_17	1
3	328577_0_9	0
3	104774_0_0	0
3	188117_2_0	0
3	123335_7_1	1
3	513861_0_20	1
3	98453_0_13	0
3	496755_0_47	1
3	232807_0_12	0
3	228416_0_6	1
3	80554_0_0	0
3	502779_0_40	1
3	32860_0_0	0
3	114870_0_4	0
3	134515_0_18	0
3	431268_0_4	0
3	452122_0_0	0
3	317520_0_6	0
3	91726_2_1	0
3	505500_1_6	1
3	186393_5_14	0
3	342322_0_36	1
3	509349_1_31	1
3	173160_1_41	0
3	53610_70_2	1
3	98588_0_7	0
3	252667_0_8	1
3	523863_0_15	1
3	165701_0_1	1
3	268306_0_21	1
3	313728_2_50	1
3	289382_0_6	0
3	322036_0_5	1
3	244773_0_28	1
3	253447_0_34	0
3	416566_0_12	1
3	269094_3_2	1
3	42101_25_5	1
3	24243_1_34	1
3	279777_0_0	0
3	270405_0_14	0
3	304339_8_0	1
3	193791_0_23	1
3	258411_9_0	0
3	402458_0_0	0
3	299648_0_4	0
3	54630_7_14	0
3	69254_0_24	0
3	469235_0_37	1
3	100853_1_8	0
3	8050_0_7	1
3	104147_1_0	0
3	232619_0_63	1
3	119445_5_5	1
3	127112_0_4	0
3	335727_0_17	0
3	14412_0_2	0
3	47686_0_16	1
3	335397_2_14	1
3	205928_1_19	0
3	307271_0_1	0
3	488350_0_0	0
3	295327_0_49	0
3	10661_0_14	0
3	244915_0_84	1
3	113666_0_15	1
3	390177_3_27	0
3	67813_0_61	0
3	276358_0_38	0
3	33805_0_11	1
3	98678_0_5	0
3	121218_1_3	1
3	542029_0_32	1
3	543478_0_42	0
3	15911_0_0	0
3	23426_0_0	0
3	552105_0_0	0
3	91726_6_1	0
3	8176_0_27	1
3	98351_4_154	0
3	500592_0_27	1
3	307188_0_2	0
3	130041_1_18	1
3	98501_0_1	0
3	446184_0_4	0
3	407749_1_13	0
3	203228_0_17	1
3	530328_0_2	0
3	91726_4_2	0
3	414994_1_5	0
3	251040_0_46	0
3	433194_0_3	1
3	461561_0_34	1
3	200586_0_14	0
3	98974_0_21	1
3	494943_0_24	1
3	344682_1_4	0
3	149221_0_11	0
3	536683_0_6	1
3	234756_3_7	0
3	370948_0_1	0
3	157210_0_105	1
3	301762_0_0	0
3	98604_1_8	1
3	260586_0_60	0
3	523930_1_14	1
3	493592_0_35	1
3	428606_3_29	1
4	185694_0_5	1
4	235884_0_2	1
4	355050_0_19	1
4	46619_1_12	0
4	408793_0_31	0
4	446899_0_179	1
4	27490_0_28	1
4	237317_2_5	1
4	283493_0_78	1
4	436970_0_35	0
4	278422_0_5	1
4	156101_0_0	0
4	389185_0_1	0
4	300088_0_1	0
4	98138_0_12	0
4	98429_0_53	0
4	339841_0_11	0
4	246964_0_2	0
4	98705_0_29	1
4	456802_1_1	1
4	38322_2_0	1
4	492215_0_9	0
4	326167_3_13	1
4	272670_0_1	0
4	514446_0_14	1
4	29157_0_20	0
4	98351_3_133	0
4	82221_0_11	1
4	551598_1_48	1
4	98878_0_30	0
4	460994_0_2	1
4	177786_2_18	1
4	486853_4_18	1
4	417754_0_6	0
4	108669_1_7	0
4	98265_1_9	0
4	259089_0_15	1
4	245607_0_126	1
4	98836_0_28	0
4	510722_0_21	1
4	184535_1_24	1
4	328976_0_10	0
4	195181_7_30	0
4	539311_2_16	0
4	449452_1_8	1
4	523964_1_10	1
4	474879_0_23	1
4	67513_0_10	0
4	445668_0_38	0
4	180975_0_27	0
4	91726_5_3	0
4	204291_0_14	1
4	281308_0_1	1
4	272829_0_33	1
4	27490_0_32	1
4	243962_5_30	0
4	550517_4_16	1
4	290691_0_20	0
4	393537_38_18	1
4	441384_21_21	1
4	98141_0_23	0
4	319977_1_9	0
4	99306_27_5	0
4	254718_0_43	1
4	493739_0_18	1
4	98847_0_3	0
4	53517_0_128	1
4	447933_1_35	1
4	225643_4_0	0
4	98302_0_37	0
4	98484_0_11	0
4	98265_1_4	1
4	53321_0_12	0
4	543292_0_10	0
4	46214_0_42	0
4	34229_1_0	0
4	128699_0_1	0
4	240410_0_38	1
4	176883_0_12	0
4	205783_0_8	0
4	124203_0_13	1
4	208189_0_66	1
4	107093_33_0	1
4	428606_3_18	1
4	137886_0_7	1
4	332277_0_3	0
4	374027_1_4	0
4	65827_2_3	1
4	413753_0_15	1
4	70811_0_2	0
4	98174_0_30	0
4	117607_2_5	0
4	337313_0_1	0
4	98351_1_154	0
4	109596_0_22	1
4	208603_0_25	1
4	98488_0_29	0
4	298421_0_41	1
4	210140_0_25	1
4	299680_1_4	1
4	390205_1_14	1
4	417173_0_51	1
4	117271_0_29	1
4	401657_0_3	0
4	363962_1_6	0
4	323409_0_9	0
4	98699_1_14	0
4	163275_0_9	1
4	94552_0_13	0
4	438775_0_3	1
4	364295_0_4	1
4	45368_0_4	1
4	1890_1_25	0
4	288008_0_3	1
4	115999_4_6	0
4	349624_0_1	0
4	346606_0_0	0
4	187769_0_41	1
4	225651_0_11	0
4	253230_1_8	1
4	216754_0_15	1
4	179839_0_22	0
4	91726_0_8	0
4	297820_2_15	0
4	188426_0_7	0
4	91726_1_3	0
4	453713_2_28	1
4	506814_0_70	1
4	130135_0_114	1
4	520381_0_26	0
4	281932_1_0	0
4	98289_0_4	1
4	152581_2_12	1
4	258883_2_28	0
4	177917_0_8	1
4	270611_0_1	0
4	133340_0_8	1
4	372695_0_13	0
4	79900_0_5	1
4	225328_3_32	1
4	146764_0_21	0
4	19977_0_48	1
4	21919_0_4	0
4	51366_0_15	1
4	546409_0_6	1
4	98460_2_14	0
4	178043_1_9	1
4	526149_0_10	1
4	333649_0_8	0
4	459032_0_19	1
4	479388_2_13	0
4	314738_0_1	0
4	232413_0_7	0
4	110635_0_12	0
4	116107_0_164	0
4	220565_0_2	0
4	488217_0_0	0
4	98731_0_24	0
4	276247_0_15	1
4	366098_0_21	1
4	467203_0_4	0
4	139144_1_3	0
4	375110_0_32	1
4	300835_0_5	1
4	382505_0_63	1
4	468558_0_7	1
4	98351_2_132	0
4	74518_0_4	0
4	209740_0_5	1
4	331664_1_9	1
4	289495_0_1	0
4	309830_0_7	0
4	540288_0_39	0
4	506491_0_10	0
4	551795_0_3	0
4	403440_3_15	1
4	98351_4_132	0
4	542812_0_2	0
4	188117_1_0	0
4	510931_0_26	1
4	421487_0_0	0
4	424503_0_22	1
4	368747_0_6	1
4	89735_0_8	0
4	183179_0_5	0
4	284006_0_23	0
4	464374_0_3	0
4	433191_1_8	1
4	450179_2_21	0
4	167586_3_19	0
4	47029_0_23	0
4	127562_1_7	1
4	81708_2_4	1
4	54854_11_10	0
4	108654_0_12	1
4	466020_0_5	0
4	82829_0_0	0
4	98351_5_155	0
4	400027_0_8	0
4	241073_0_2	1
4	548749_1_39	0
4	466652_0_0	0
4	49793_1_16	0
4	422205_0_16	1
4	445405_0_21	1
4	56383_0_21	0
4	98431_0_9	0
4	168422_0_73	1
4	45617_0_10	1
4	242083_0_3	0
4	360441_12_36	0
4	193625_0_36	1
4	358566_0_3	1
4	467457_1_1	0
4	161938_3_16	0
4	98351_5_133	0
4	120665_0_23	0
4	274072_2_9	1
4	40114_19_27	1
4	122296_0_20	1
4	98412_0_4	0
4	34609_0_17	1
4	48336_0_11	0
4	510184_0_54	0
4	287911_0_15	0
4	363358_2_3	0
4	295779_1_3	1
4	526708_0_2	1
4	321671_0_2	0
4	47471_0_12	0
4	340058_0_9	0
4	370689_4_15	0
4	272167_0_33	1
4	340869_8_19	0
4	202752_31_0	0
4	108353_0_3	0
4	254798_0_2	0
4	144152_2_12	0
4	444124_0_19	1
4	237584_2_16	0
4	501579_0_5	0
4	335577_0_21	0
4	33805_0_14	1
4	418927_0_24	0
4	479845_0_2	1
4	352622_0_3	1
4	538142_0_33	1
4	484467_6_6	0
4	319908_0_1	1
4	403604_7_4	0
4	404249_0_2	1
4	74780_0_27	1
4	358586_2_9	0
4	118136_4_6	0
4	70612_1_0	0
4	299820_1_4	0
4	155591_0_25	1
4	307266_0_19	0
4	508064_0_22	0
4	71952_0_50	1
4	351742_0_167	0
4	338226_6_11	1
4	344051_0_19	0
4	493107_0_39	1
4	454750_1_26	0
4	103670_0_12	1
4	81352_1_13	1
4	188517_0_40	0
4	165639_0_9	1
4	205289_0_3	1
4	29811_0_14	1
4	389930_0_0	0
4	7863_0_0	0
4	521876_0_35	0
4	296909_3_3	0
4	98351_0_154	0
4	56123_4_10	0
4	107217_0_55	0
4	98141_0_20	0
4	22421_0_12	0
4	244808_0_14	0
4	148105_0_5	1
4	311953_1_75	1
4	351503_0_15	1
4	98295_9_15	0
4	98351_0_132	0
4	9747_0_6	1
4	370278_6_6	0
4	207717_1_6	0
4	232558_1_5	0
4	530457_1_4	0
4	54095_0_12	0
4	459032_0_17	1
4	262761_4_30	1
4	276038_0_15	0
4	278551_0_63	0
4	107093_32_0	1
4	157218_4_7	1
4	202462_0_26	0
4	53129_0_2	0
4	184278_0_3	0
4	394060_0_1	0
4	250221_0_22	1
4	109925_0_18	1
4	244775_1_5	0
4	91726_7_2	0
4	5329_0_24	0
4	260909_0_19	1
4	475048_0_29	1
4	371633_3_3	0
4	98351_3_155	0
4	263336_1_0	0
4	489925_6_72	1
4	57094_4_0	1
4	156158_0_36	1
4	371851_0_24	1
4	310905_3_10	0
4	98058_0_3	0
4	296046_0_2	0
4	354714_0_42	0
4	114823_0_54	1
4	428079_16_90	0
4	205379_0_40	0
4	518585_0_8	0
4	399526_0_19	0
4	436630_0_36	0
4	122877_0_9	0
4	305643_0_1	1
4	243962_7_29	0
4	98248_0_26	0
4	449118_0_12	0
4	242083_0_9	0
4	219114_0_3	0
4	129704_6_5	0
4	214535_2_17	0
4	317665_0_13	0
4	369013_0_36	0
4	115610_0_1	0
4	516725_0_11	0
4	268819_0_1	0
4	71950_4_4	0
4	4113_0_4	0
4	103229_1_5	0
4	146727_1_13	1
4	315150_0_5	1
4	40040_0_2	0
4	101956_0_41	0
4	532862_3_18	1
4	422504_0_37	0
4	382664_0_10	1
4	22421_0_13	0
4	142779_0_44	1
4	171707_1_12	1
4	98400_1_28	0
4	67035_0_30	0
4	267005_0_17	1
4	91726_8_4	0
4	98295_9_30	0
4	301175_0_0	0
4	190639_0_3	0
4	196457_0_18	1
4	99780_5_23	0
4	12499_0_107	0
4	272215_6_8	1
4	175849_0_13	0
4	375405_0_30	1
4	320687_0_0	0
4	130526_0_5	1
4	10336_1_27	0
4	78372_0_1	0
4	171081_0_15	0
4	491162_0_6	0
4	97834_0_27	0
4	98720_0_0	0
4	166485_2_36	1
4	284846_0_5	1
4	80211_3_1	0
4	127058_0_7	1
4	16002_1_2	1
4	93634_0_1	0
4	156674_0_2	0
4	78726_0_10	0
4	424401_1_20	1
4	312436_0_40	0
4	447086_0_17	0
4	399340_0_10	0
4	501954_0_66	0
4	322622_0_22	1
4	414416_0_122	1
4	105395_0_16	1
4	379193_0_18	1
4	297147_0_0	0
4	514532_0_9	0
4	360817_0_1	0
4	444124_0_11	1
4	277002_4_16	1
4	448812_3_16	1
4	138275_0_25	1
4	13124_0_6	1
4	312125_2_5	0
4	542158_0_30	1
4	478789_2_1	0
4	493891_0_4	1
4	168612_2_10	0
4	295328_0_13	0
4	307381_9_0	0
4	263864_2_20	0
4	180332_1_17	0
4	19762_0_3	0
4	539367_5_7	1
4	471324_0_71	1
4	541001_0_17	0
4	146886_3_3	1
4	186848_0_27	1
4	100646_0_5	0
4	98265_1_6	0
4	498938_0_8	0
4	22421_0_17	0
4	226926_0_6	0
4	53178_1_4	1
4	98738_1_23	0
4	479372_1_39	0
4	471772_2_4	0
4	180332_0_17	1
4	476450_0_11	1
4	392657_6_8	0
4	71703_0_16	1
4	183649_1_4	0
4	98351_2_154	0
4	543611_0_34	1
4	23572_24_1	0
4	278756_0_37	0
4	231985_0_4	0
4	114035_1_2	0
4	315024_0_1	0
4	512574_0_24	0
4	549182_0_14	0
4	332889_6_0	0
4	2025_0_2	0
4	53610_70_3	0
4	534015_1_2	1
4	546947_2_5	0
4	47388_0_12	0
4	4506_0_26	1
4	452739_0_34	1
4	398344_0_13	0
4	43797_0_38	0
4	1171_6_2	0
4	547686_0_24	0
4	98141_0_15	0
4	143817_0_1	0
4	75620_0_21	1
4	441649_0_6	0
4	101923_3_5	1
4	98699_0_17	0
4	548749_0_37	1
4	405573_19_11	0
4	201758_0_33	0
4	513540_3_3	0
4	321849_0_0	0
4	85909_2_69	0
4	309750_1_13	0
4	115999_8_20	1
4	120687_1_1	0
4	120435_4_26	1
4	459771_1_0	1
4	398329_0_13	1
4	358595_1_4	0
4	69343_4_0	0
4	213089_3_10	0
4	98629_0_20	0
4	347426_0_28	1
4	89673_1_0	0
4	310696_0_21	0
4	450179_3_21	0
4	535333_0_0	0
4	219707_0_9	0
4	441745_2_4	0
4	213296_0_31	1
4	305188_0_25	0
4	489958_1_2	0
4	321312_0_3	0
4	25661_0_8	1
4	480755_6_1	0
4	146727_1_35	0
4	436456_3_6	0
4	212257_5_48	1
4	96006_0_3	0
4	380031_1_2	1
4	298474_0_1	0
4	49909_5_23	0
4	176738_1_23	0
4	315150_0_10	0
4	151759_0_3	0
4	96645_0_4	0
4	98474_0_3	1
4	396160_0_18	1
4	115805_5_0	0
4	2062_1_71	1
4	70885_0_13	0
4	98351_1_132	0
4	8120_1_17	1
4	328577_0_9	0
4	104774_0_0	0
4	188117_2_0	0
4	123335_7_1	1
4	513861_0_20	1
4	98453_0_13	0
4	496755_0_47	1
4	232807_0_12	0
4	228416_0_6	1
4	80554_0_0	0
4	502779_0_40	1
4	32860_0_0	0
4	114870_0_4	0
4	134515_0_18	0
4	431268_0_4	0
4	452122_0_0	0
4	317520_0_6	0
4	91726_2_1	0
4	505500_1_6	1
4	186393_5_14	0
4	342322_0_36	1
4	509349_1_31	1
4	173160_1_41	0
4	53610_70_2	1
4	98588_0_7	0
4	252667_0_8	1
4	523863_0_15	1
4	165701_0_1	1
4	268306_0_21	1
4	313728_2_50	1
4	289382_0_6	0
4	322036_0_5	1
4	244773_0_28	1
4	253447_0_34	0
4	416566_0_12	1
4	269094_3_2	1
4	42101_25_5	1
4	24243_1_34	1
4	279777_0_0	0
4	270405_0_14	0
4	304339_8_0	1
4	193791_0_23	1
4	258411_9_0	0
4	402458_0_0	0
4	299648_0_4	0
4	54630_7_14	0
4	69254_0_24	0
4	469235_0_37	1
4	100853_1_8	0
4	8050_0_7	1
4	104147_1_0	0
4	232619_0_63	1
4	119445_5_5	1
4	127112_0_4	0
4	335727_0_17	0
4	14412_0_2	0
4	47686_0_16	1
4	335397_2_14	1
4	205928_1_19	0
4	307271_0_1	0
4	488350_0_0	0
4	295327_0_49	0
4	10661_0_14	0
4	244915_0_84	1
4	113666_0_15	1
4	390177_3_27	0
4	67813_0_61	0
4	276358_0_38	0
4	33805_0_11	1
4	98678_0_5	0
4	121218_1_3	1
4	542029_0_32	1
4	543478_0_42	0
4	15911_0_0	0
4	23426_0_0	0
4	552105_0_0	0
4	91726_6_1	0
4	8176_0_27	1
4	98351_4_154	0
4	500592_0_27	1
4	307188_0_2	0
4	130041_1_18	1
4	98501_0_1	0
4	446184_0_4	0
4	407749_1_13	0
4	203228_0_17	1
4	530328_0_2	0
4	91726_4_2	0
4	414994_1_5	0
4	251040_0_46	0
4	433194_0_3	1
4	461561_0_34	1
4	200586_0_14	0
4	98974_0_21	1
4	494943_0_24	1
4	344682_1_4	0
4	149221_0_11	0
4	536683_0_6	1
4	234756_3_7	0
4	370948_0_1	0
4	157210_0_105	1
4	301762_0_0	0
4	98604_1_8	1
4	260586_0_60	0
4	523930_1_14	1
4	493592_0_35	1
4	428606_3_29	1
